2026-03-11T15:18:10.6852319Z | /user/login POST | user: anonymous | durationMs: 54
2026-03-11T17:07:59.3601993Z | /favicon.ico GET | user: anonymous | durationMs: 0
2026-03-11T17:28:25.9109881Z | /user POST | user: anonymous | durationMs: 3
2026-03-11T17:28:33.1398086Z | /.well-known/appspecific/com.chrome.devtools.json GET | user: anonymous | durationMs: 0
2026-03-11T17:28:39.0548383Z | /user POST | user: anonymous | durationMs: 2
2026-03-11T17:36:25.8245343Z | /user/register POST | user: anonymous | durationMs: 73
2026-03-11T17:36:36.6573394Z | /user/login POST | user: anonymous | durationMs: 107
2026-03-11T17:36:59.2342462Z | /user/login POST | user: anonymous | durationMs: 33
2026-03-11T17:37:06.1497987Z | /user/login POST | user: anonymous | durationMs: 7
2026-03-11T17:37:18.3330678Z | /user/login POST | user: anonymous | durationMs: 1
2026-03-11T17:37:25.6371447Z | /user/login POST | user: anonymous | durationMs: 7
2026-03-11T17:45:33.0268490Z | /user/register POST | user: anonymous | durationMs: 97
2026-03-11T17:45:44.8982791Z | /user/login POST | user: anonymous | durationMs: 98
2026-03-11T17:53:23.4524699Z | /user/login POST | user: anonymous | durationMs: 41
2026-03-11T17:53:48.6749831Z | /user/register POST | user: anonymous | durationMs: 74
2026-03-11T17:53:58.4025814Z | /user/login POST | user: anonymous | durationMs: 154
2026-03-11T21:12:19.0627182Z | /user/register POST | user: anonymous | durationMs: 89
2026-03-11T21:12:19.1572365Z | /user/login POST | user: anonymous | durationMs: 92
2026-03-11T21:12:19.3886335Z | /user/6 GET | user: 6 | durationMs: 15
2026-03-11T21:12:59.9832314Z | /user/register POST | user: anonymous | durationMs: 3
2026-03-11T21:13:24.5218675Z | /user/login POST | user: anonymous | durationMs: 13
2026-03-11T21:14:10.5593344Z | /user/register POST | user: anonymous | durationMs: 15
2026-03-11T21:14:10.5779691Z | /user/login POST | user: anonymous | durationMs: 13
2026-03-11T21:14:10.6421338Z | /user/7 GET | user: 7 | durationMs: 2
2026-03-11T21:14:33.5098006Z | /user/7 PUT | user: 7 | durationMs: 12
2026-03-11T21:14:33.5368838Z | /user/7 GET | user: 7 | durationMs: 0
2026-03-11T21:21:44.9782084Z | /user/register POST | user: anonymous | durationMs: 122
2026-03-11T21:21:45.1062965Z | /user/login POST | user: anonymous | durationMs: 86
2026-03-11T21:21:45.2994035Z | /user/8 GET | user: 8 | durationMs: 6
2026-03-11T21:21:55.9383052Z | /user/8/icecreams GET | user: 8 | durationMs: 18
2026-03-11T21:22:17.9018833Z | /user/8/icecreams POST | user: 8 | durationMs: 11
2026-03-11T21:22:17.9301397Z | /user/8/icecreams GET | user: 8 | durationMs: 0
2026-03-11T21:22:24.9415877Z | /user.html GET | user: anonymous | durationMs: 0
2026-03-11T21:23:20.1893706Z | /user/register POST | user: anonymous | durationMs: 77
2026-03-11T21:23:33.9221349Z | /user/login POST | user: anonymous | durationMs: 84
2026-03-11T21:29:26.9452257Z | /user/register POST | user: anonymous | durationMs: 91
2026-03-11T21:29:27.0428030Z | /user/login POST | user: anonymous | durationMs: 84
2026-03-11T21:29:27.2247097Z | /user/9/icecreams GET | user: 9 | durationMs: 5
2026-03-11T21:29:38.1476863Z | /user/9/icecreams POST | user: 9 | durationMs: 7
2026-03-11T21:29:38.1693086Z | /user/9/icecreams GET | user: 9 | durationMs: 1
2026-03-11T21:29:39.9144612Z | /user.html GET | user: anonymous | durationMs: 0
2026-03-11T21:30:37.2262701Z | /user/login POST | user: anonymous | durationMs: 122
2026-03-11T21:30:37.4446522Z | /user/9/icecreams GET | user: 9 | durationMs: 11
2026-03-11T21:30:42.2671181Z | /user.html GET | user: anonymous | durationMs: 0
2026-03-11T21:37:12.1343641Z | /user/login POST | user: anonymous | durationMs: 134
2026-03-11T21:37:12.3521936Z | /user/9/icecreams GET | user: 9 | durationMs: 11
2026-03-11T21:37:19.2388376Z | /user.html GET | user: anonymous | durationMs: 0
2026-03-11T21:38:32.3962033Z | /user/login POST | user: anonymous | durationMs: 139
2026-03-11T21:38:32.6237754Z | /user/9/icecreams GET | user: 9 | durationMs: 8
2026-03-11T21:43:38.5562379Z | /user/login POST | user: anonymous | durationMs: 119
2026-03-11T21:43:38.8012595Z | /user GET | user: 9 | durationMs: 11
2026-03-11T21:43:48.1258978Z | /user/8/icecreams GET | user: 9 | durationMs: 6
2026-03-11T21:52:36.1999620Z | /favicon.ico GET | user: anonymous | durationMs: 1
2026-03-11T21:52:48.8986481Z | /user/login POST | user: anonymous | durationMs: 125
2026-03-11T21:52:49.1198043Z | /user GET | user: 9 | durationMs: 13
2026-03-11T21:53:26.1099521Z | /user/register POST | user: anonymous | durationMs: 41
2026-03-11T21:53:26.1543708Z | /user/login POST | user: anonymous | durationMs: 10
2026-03-11T21:53:26.2087587Z | /user/10/icecreams GET | user: 10 | durationMs: 7
2026-03-11T22:07:10.0549767Z | /user/login POST | user: anonymous | durationMs: 14
2026-03-11T22:07:10.1209537Z | /user GET | user: 9 | durationMs: 3
2026-03-11T22:07:19.8188134Z | /user/9/icecreams GET | user: 9 | durationMs: 0
2026-03-11T22:07:25.5380635Z | /user/5/icecreams GET | user: 9 | durationMs: 0
2026-03-11T22:11:21.8949718Z | /user/login POST | user: anonymous | durationMs: 131
2026-03-11T22:11:22.1341547Z | /user GET | user: 9 | durationMs: 10
2026-03-11T22:13:50.8325826Z | /user/login POST | user: anonymous | durationMs: 128
2026-03-11T22:13:51.0604752Z | /user GET | user: 9 | durationMs: 11
2026-03-11T22:15:23.8062062Z | /user/register POST | user: anonymous | durationMs: 44
2026-03-11T22:15:23.8529407Z | /user/login POST | user: anonymous | durationMs: 11
2026-03-11T22:15:23.9309999Z | /user/11/icecreams GET | user: 11 | durationMs: 8
2026-03-11T22:15:39.3314205Z | /user/11/icecreams POST | user: 11 | durationMs: 7
2026-03-11T22:15:39.3422719Z | /user/11/icecreams GET | user: 11 | durationMs: 0
2026-03-11T22:15:51.7475240Z | /user/11/icecreams POST | user: 11 | durationMs: 1
2026-03-11T22:15:51.7637205Z | /user/11/icecreams GET | user: 11 | durationMs: 0
2026-03-11T22:16:17.1939054Z | /user/login POST | user: anonymous | durationMs: 17
2026-03-11T22:16:17.2571786Z | /user GET | user: 9 | durationMs: 0
2026-03-11T22:16:23.5466820Z | /user/11/icecreams GET | user: 9 | durationMs: 0
2026-03-11T22:23:24.4159646Z | /user/login POST | user: anonymous | durationMs: 121
2026-03-11T22:23:24.6233027Z | /user GET | user: 9 | durationMs: 9
2026-03-11T22:27:10.0212639Z | /user/login POST | user: anonymous | durationMs: 123
2026-03-11T22:27:10.2298971Z | /user GET | user: 9 | durationMs: 9
2026-03-11T22:29:49.6996933Z | /user/1/icecreams GET | user: 9 | durationMs: 8
2026-03-11T22:33:38.2499345Z | /user/login POST | user: anonymous | durationMs: 123
2026-03-11T22:33:38.4579522Z | /user GET | user: 9 | durationMs: 10
2026-03-11T22:37:56.3177752Z | /user/login POST | user: anonymous | durationMs: 116
2026-03-11T22:37:56.5126531Z | /user GET | user: 9 | durationMs: 11
2026-03-11T22:38:08.4590841Z | /user/1/icecreams GET | user: 9 | durationMs: 8
2026-03-11T22:38:14.9678590Z | /user/1/icecreams GET | user: 9 | durationMs: 3
2026-03-11T22:38:55.7847606Z | /user/login POST | user: anonymous | durationMs: 15
2026-03-11T22:38:55.8385683Z | /user/11/icecreams GET | user: 11 | durationMs: 0
2026-03-11T22:39:00.6600707Z | /user/11/icecreams GET | user: 11 | durationMs: 0
2026-03-11T22:39:19.8134642Z | /user/11/icecreams/1 PUT | user: 11 | durationMs: 0
2026-03-11T22:39:21.0792587Z | /user/11/icecreams/1 PUT | user: 11 | durationMs: 0
2026-03-11T22:39:24.0763600Z | /user/11/icecreams/1 PUT | user: 11 | durationMs: 0
2026-03-11T22:39:34.2796698Z | /user/11/icecreams GET | user: 11 | durationMs: 0
2026-03-11T22:39:40.2283882Z | /user/11/icecreams/1 PUT | user: 11 | durationMs: 0
2026-03-11T22:39:42.5515401Z | /user/11/icecreams/1 PUT | user: 11 | durationMs: 0
2026-03-11T22:39:55.6952783Z | /user/11/icecreams/1 DELETE | user: 11 | durationMs: 10
2026-03-11T22:39:55.7099642Z | /user/11/icecreams GET | user: 11 | durationMs: 0
2026-03-11T22:40:05.1193172Z | /user/11/icecreams POST | user: 11 | durationMs: 36
2026-03-11T22:40:05.1622522Z | /user/11/icecreams GET | user: 11 | durationMs: 0
2026-03-11T22:40:11.5611697Z | /user/11/icecreams GET | user: 11 | durationMs: 0
2026-03-11T22:40:15.4108985Z | /user/11/icecreams/3 PUT | user: 11 | durationMs: 0
2026-03-12T15:02:46.9987312Z | /favicon.ico GET | user: anonymous | durationMs: 0
2026-03-12T15:03:27.7744289Z | /user/register POST | user: anonymous | durationMs: 108
2026-03-12T15:03:27.8893216Z | /user/login POST | user: anonymous | durationMs: 135
2026-03-12T15:03:28.1251060Z | /user/12/icecreams GET | user: 12 | durationMs: 5
2026-03-12T15:03:59.7566064Z | /user/12/icecreams POST | user: 12 | durationMs: 20
2026-03-12T15:03:59.7813530Z | /user/12/icecreams GET | user: 12 | durationMs: 1
2026-03-12T15:04:03.7591338Z | /user/12/icecreams GET | user: 12 | durationMs: 0
2026-03-12T15:04:17.9251684Z | /user/12/icecreams/1 PUT | user: 12 | durationMs: 0
2026-03-12T15:04:20.7878943Z | /user/12/icecreams/1 PUT | user: 12 | durationMs: 0
2026-03-12T15:04:21.6987154Z | /user/12/icecreams/1 PUT | user: 12 | durationMs: 0
2026-03-12T15:04:21.9453104Z | /user/12/icecreams/1 PUT | user: 12 | durationMs: 0
2026-03-12T15:04:29.5213553Z | /user/12/icecreams/1 DELETE | user: 12 | durationMs: 18
2026-03-12T15:04:29.5437140Z | /user/12/icecreams GET | user: 12 | durationMs: 0
2026-03-12T15:04:32.4789168Z | /user.html GET | user: anonymous | durationMs: 0
2026-03-12T15:57:48.8595499Z | /user/login POST | user: anonymous | durationMs: 10
2026-03-12T15:57:48.9086234Z | /user GET | user: 9 | durationMs: 4
2026-03-12T15:57:55.1534539Z | /user/5/icecreams GET | user: 9 | durationMs: 0
2026-03-12T15:58:07.5505926Z | /user/11/icecreams GET | user: 9 | durationMs: 0
2026-03-12T15:58:19.4586071Z | /user.html GET | user: anonymous | durationMs: 0
2026-03-12T16:12:54.7303597Z | /user/register POST | user: anonymous | durationMs: 34
2026-03-12T16:12:54.7719108Z | /user/login POST | user: anonymous | durationMs: 9
2026-03-12T16:12:54.8177763Z | /user/13/icecreams GET | user: 13 | durationMs: 0
2026-03-12T16:13:04.3841337Z | /user/13/icecreams POST | user: 13 | durationMs: 25
2026-03-12T16:13:04.4135297Z | /user/13/icecreams GET | user: 13 | durationMs: 0
2026-03-12T16:13:06.3267905Z | /user/13/icecreams/1 DELETE | user: 13 | durationMs: 16
2026-03-12T16:13:06.3471087Z | /user/13/icecreams GET | user: 13 | durationMs: 0
2026-03-12T16:13:10.5187472Z | /user/13/icecreams POST | user: 13 | durationMs: 19
2026-03-12T16:13:10.5442871Z | /user/13/icecreams GET | user: 13 | durationMs: 0
2026-03-12T16:13:11.6259676Z | /user/13/icecreams GET | user: 13 | durationMs: 0
2026-03-12T16:13:16.3661871Z | /user/13/icecreams/1 PUT | user: 13 | durationMs: 0
2026-03-12T16:13:19.9490612Z | /user.html GET | user: anonymous | durationMs: 0
2026-03-12T16:26:39.3810254Z | /user/login POST | user: anonymous | durationMs: 115
2026-03-12T16:26:39.5747661Z | /user GET | user: 9 | durationMs: 19
2026-03-12T16:26:44.7397563Z | /user/1/icecreams GET | user: 9 | durationMs: 4
2026-03-12T16:26:56.3648280Z | /user.html GET | user: anonymous | durationMs: 0
2026-03-12T16:27:59.3798553Z | /user/login POST | user: anonymous | durationMs: 7
2026-03-12T16:27:59.4190750Z | /user GET | user: 9 | durationMs: 1
2026-03-12T16:28:06.9316434Z | /user/8/icecreams GET | user: 9 | durationMs: 1
2026-03-12T16:28:09.8501467Z | /user/8/icecreams GET | user: 9 | durationMs: 0
2026-03-12T16:28:14.9464576Z | /user/8/icecreams/1 PUT | user: 9 | durationMs: 30
2026-03-12T16:28:14.9846264Z | /user/8/icecreams GET | user: 9 | durationMs: 0
2026-03-12T16:28:17.6727216Z | /user/8/icecreams/1 DELETE | user: 9 | durationMs: 23
2026-03-12T16:28:17.7011304Z | /user/8/icecreams GET | user: 9 | durationMs: 0
2026-03-12T16:28:20.4729687Z | /user.html GET | user: anonymous | durationMs: 0
2026-03-12T16:31:51.2661861Z | /user/register POST | user: anonymous | durationMs: 52
2026-03-12T16:31:51.3254725Z | /user/login POST | user: anonymous | durationMs: 5
2026-03-12T16:31:51.3657910Z | /user/14/icecreams GET | user: 14 | durationMs: 0
2026-03-12T16:31:59.2587168Z | /user/14/icecreams POST | user: 14 | durationMs: 54
2026-03-12T16:31:59.3201745Z | /user/14/icecreams GET | user: 14 | durationMs: 0
2026-03-12T16:32:10.0822823Z | /user/14/icecreams POST | user: 14 | durationMs: 21
2026-03-12T16:32:10.1111024Z | /user/14/icecreams GET | user: 14 | durationMs: 0
2026-03-12T16:32:11.3611469Z | /user/14/icecreams GET | user: 14 | durationMs: 0
2026-03-12T16:32:14.2658406Z | /user/14/icecreams/2 PUT | user: 14 | durationMs: 15
2026-03-12T16:32:14.2846729Z | /user/14/icecreams GET | user: 14 | durationMs: 0
2026-03-12T16:32:28.6887110Z | /user.html GET | user: anonymous | durationMs: 0
2026-03-12T16:49:07.1622219Z | /user/login POST | user: anonymous | durationMs: 132
2026-03-12T16:49:07.3864668Z | /user GET | user: 9 | durationMs: 14
2026-03-12T16:49:30.6983496Z | /user/login POST | user: anonymous | durationMs: 5
2026-03-12T16:49:30.7299846Z | /user GET | user: 9 | durationMs: 1
2026-03-12T16:49:38.5228596Z | /user GET | user: 9 | durationMs: 3
2026-03-12T16:49:51.0552119Z | /user GET | user: 9 | durationMs: 0
2026-03-12T16:50:06.7336001Z | /user/login POST | user: anonymous | durationMs: 8
2026-03-12T16:50:06.7649162Z | /user GET | user: 9 | durationMs: 0
2026-03-12T16:50:21.6504641Z | /user/11/icecreams GET | user: 9 | durationMs: 9
2026-03-12T16:50:26.1955298Z | /user GET | user: 9 | durationMs: 0
2026-03-12T16:51:06.9444253Z | /user/register POST | user: anonymous | durationMs: 48
2026-03-12T16:51:06.9954584Z | /user/login POST | user: anonymous | durationMs: 2
2026-03-12T16:51:07.0229425Z | /user/15/icecreams GET | user: 15 | durationMs: 0
2026-03-12T16:51:11.2518223Z | /user/15 GET | user: 15 | durationMs: 1
2026-03-12T16:51:30.0353385Z | /user/15/changepassword POST | user: 15 | durationMs: 20
2026-03-12T16:51:31.2583981Z | /user/15/changepassword POST | user: 15 | durationMs: 6
2026-03-12T16:51:31.4812999Z | /user/15/changepassword POST | user: 15 | durationMs: 8
2026-03-12T16:51:31.6759898Z | /user/15/changepassword POST | user: 15 | durationMs: 8
2026-03-12T16:51:32.9707377Z | /user/15/changepassword POST | user: 15 | durationMs: 9
2026-03-12T16:51:33.2174997Z | /user/15/changepassword POST | user: 15 | durationMs: 8
2026-03-12T16:52:02.9638587Z | /user/15/changepassword POST | user: 15 | durationMs: 24
2026-03-12T16:52:15.6541792Z | /user/15 GET | user: anonymous | durationMs: 3
2026-03-12T16:52:16.6540687Z | /user/15 GET | user: anonymous | durationMs: 0
2026-03-15T15:31:45.5052193Z | /favicon.ico GET | user: anonymous | durationMs: 0
2026-03-15T15:32:02.7745412Z | /user/login POST | user: anonymous | durationMs: 167
2026-03-15T15:32:03.0352367Z | /user GET | user: 9 | durationMs: 12
2026-03-15T15:32:07.6136084Z | /user/2/icecreams GET | user: 9 | durationMs: 5
2026-03-15T15:32:09.4066513Z | /user GET | user: 9 | durationMs: 0
2026-03-15T15:32:09.4044478Z | /user/9 GET | user: 9 | durationMs: 4
2026-03-15T15:32:21.4308254Z | /user/9 GET | user: 9 | durationMs: 0
2026-03-15T15:32:21.4308255Z | /user GET | user: 9 | durationMs: 2
2026-03-15T15:32:36.9845494Z | /user/9 GET | user: 9 | durationMs: 0
2026-03-15T15:32:36.9845494Z | /user GET | user: 9 | durationMs: 0
2026-03-15T15:33:03.9464887Z | /user/register POST | user: anonymous | durationMs: 48
2026-03-15T15:33:03.9966311Z | /user/login POST | user: anonymous | durationMs: 6
2026-03-15T15:33:04.0438199Z | /user/16/icecreams GET | user: 16 | durationMs: 0
2026-03-15T15:33:10.4822433Z | /user/16/icecreams POST | user: 16 | durationMs: 16
2026-03-15T15:33:10.5019010Z | /user/16/icecreams GET | user: 16 | durationMs: 0
2026-03-15T15:33:11.9005765Z | /user/16/icecreams GET | user: 16 | durationMs: 0
2026-03-15T15:33:14.7739226Z | /user/16/icecreams/1 PUT | user: 16 | durationMs: 15
2026-03-15T15:33:14.7933276Z | /user/16/icecreams GET | user: 16 | durationMs: 0
2026-03-15T15:33:15.7878026Z | /user/16/icecreams/1 DELETE | user: 16 | durationMs: 15
2026-03-15T15:33:15.8063002Z | /user/16/icecreams GET | user: 16 | durationMs: 0
2026-03-15T15:33:17.0873060Z | /user/16 GET | user: 16 | durationMs: 0
2026-03-15T15:33:17.0902076Z | /user/16 GET | user: 16 | durationMs: 0
2026-03-15T15:33:28.8005154Z | /user/16 PUT | user: 16 | durationMs: 14
2026-03-15T15:33:31.5486027Z | /user/16 GET | user: 16 | durationMs: 0
2026-03-15T15:33:42.8686492Z | /user POST | user: 16 | durationMs: 1
2026-03-15T15:33:44.7951941Z | /user POST | user: 16 | durationMs: 0
2026-03-15T15:33:46.6121852Z | /user/16 GET | user: 16 | durationMs: 0
2026-03-15T15:33:50.7541954Z | /user/16/icecreams GET | user: 16 | durationMs: 0
2026-03-15T15:59:15.0203423Z | /favicon.ico GET | user: anonymous | durationMs: 0
2026-03-15T15:59:21.8958674Z | /user/login POST | user: anonymous | durationMs: 136
2026-03-15T15:59:22.1163718Z | /user GET | user: 9 | durationMs: 9
2026-03-15T15:59:26.3732226Z | /user/5/icecreams GET | user: 9 | durationMs: 4
2026-03-15T15:59:28.2389509Z | /user GET | user: 9 | durationMs: 9
2026-03-15T15:59:28.2379262Z | /user/9 GET | user: 9 | durationMs: 12
2026-03-15T16:00:10.4758943Z | /user/register POST | user: anonymous | durationMs: 34
2026-03-15T16:00:10.5130276Z | /user/login POST | user: anonymous | durationMs: 6
2026-03-15T16:00:10.5465424Z | /user/17/icecreams GET | user: 17 | durationMs: 0
2026-03-15T16:00:17.0210570Z | /user/17/icecreams POST | user: 17 | durationMs: 15
2026-03-15T16:00:17.0398845Z | /user/17/icecreams GET | user: 17 | durationMs: 0
2026-03-15T16:00:20.9620844Z | /user/17/icecreams POST | user: 17 | durationMs: 12
2026-03-15T16:00:20.9781715Z | /user/17/icecreams GET | user: 17 | durationMs: 0
2026-03-15T16:00:23.6252733Z | /user/17/icecreams GET | user: 17 | durationMs: 0
2026-03-15T16:00:27.2308404Z | /user/17/icecreams/1 PUT | user: 17 | durationMs: 13
2026-03-15T16:00:27.2480695Z | /user/17/icecreams GET | user: 17 | durationMs: 0
2026-03-15T16:00:28.9573877Z | /user/17/icecreams/1 DELETE | user: 17 | durationMs: 38
2026-03-15T16:00:28.9990156Z | /user/17/icecreams GET | user: 17 | durationMs: 0
2026-03-15T16:00:30.6897288Z | /user/17 GET | user: 17 | durationMs: 0
2026-03-15T16:00:30.6933707Z | /user/17 GET | user: 17 | durationMs: 0
2026-03-15T16:07:46.2530592Z | /user/login POST | user: anonymous | durationMs: 141
2026-03-15T16:07:46.4681685Z | /user GET | user: 9 | durationMs: 9
2026-03-15T16:07:48.9575983Z | /user/1/icecreams GET | user: 9 | durationMs: 5
2026-03-15T16:07:50.0895639Z | /user GET | user: 9 | durationMs: 0
2026-03-15T16:07:50.0886233Z | /user/9 GET | user: 9 | durationMs: 13
2026-03-15T16:10:36.2910054Z | /user/register POST | user: anonymous | durationMs: 57
2026-03-15T16:10:36.3518491Z | /user/login POST | user: anonymous | durationMs: 6
2026-03-15T16:10:36.3880476Z | /user/18/icecreams GET | user: 18 | durationMs: 0
2026-03-15T16:10:40.5534018Z | /user/18/icecreams POST | user: 18 | durationMs: 15
2026-03-15T16:10:40.5726219Z | /user/18/icecreams GET | user: 18 | durationMs: 0
2026-03-15T16:10:42.0988746Z | /user/18 GET | user: 18 | durationMs: 0
2026-03-15T16:10:55.3819524Z | /user/18/changepassword POST | user: 18 | durationMs: 21
2026-03-15T16:10:56.1775555Z | /user/18/changepassword POST | user: 18 | durationMs: 5
2026-03-15T16:10:56.3686968Z | /user/18/changepassword POST | user: 18 | durationMs: 5
2026-03-15T16:10:56.5458213Z | /user/18/changepassword POST | user: 18 | durationMs: 6
2026-03-15T16:11:00.9209307Z | /user/18/changepassword POST | user: 18 | durationMs: 22
2026-03-15T16:12:29.6002210Z | /user/login POST | user: anonymous | durationMs: 134
2026-03-15T16:12:29.8136103Z | /user GET | user: 9 | durationMs: 8
2026-03-15T16:12:35.2690126Z | /user/9 GET | user: 9 | durationMs: 4
2026-03-15T16:12:46.9521341Z | /user/login POST | user: anonymous | durationMs: 6
2026-03-15T16:12:46.9889654Z | /user GET | user: 9 | durationMs: 14
2026-03-15T16:12:54.9310678Z | /user/11/icecreams GET | user: 9 | durationMs: 2
2026-03-15T16:12:57.4520625Z | /user/9 GET | user: 9 | durationMs: 0
2026-03-15T16:13:32.6094545Z | /user/register POST | user: anonymous | durationMs: 35
2026-03-15T16:13:32.6483398Z | /user/login POST | user: anonymous | durationMs: 7
2026-03-15T16:13:32.6862690Z | /user/19/icecreams GET | user: 19 | durationMs: 0
2026-03-15T16:13:37.4880769Z | /user/19/icecreams POST | user: 19 | durationMs: 14
2026-03-15T16:13:37.5056232Z | /user/19/icecreams GET | user: 19 | durationMs: 0
2026-03-15T16:13:38.7800480Z | /user/19 GET | user: 19 | durationMs: 0
2026-03-15T16:18:54.2420011Z | /user/login POST | user: anonymous | durationMs: 163
2026-03-15T16:18:54.4837363Z | /user GET | user: 9 | durationMs: 11
2026-03-15T16:18:58.1132681Z | /user/1/icecreams GET | user: 9 | durationMs: 4
2026-03-15T16:18:59.4058783Z | /user/9 GET | user: 9 | durationMs: 5
2026-03-15T16:19:19.7507313Z | /user/register POST | user: anonymous | durationMs: 43
2026-03-15T16:19:19.7971666Z | /user/login POST | user: anonymous | durationMs: 6
2026-03-15T16:19:19.8287804Z | /user/20/icecreams GET | user: 20 | durationMs: 1
2026-03-15T16:19:22.3314523Z | /user/20 GET | user: 20 | durationMs: 0
2026-03-15T16:19:35.7590952Z | /user/ PUT | user: 20 | durationMs: 0
2026-03-15T16:19:41.2621591Z | /user/20/changepassword POST | user: 20 | durationMs: 20
2026-03-15T16:25:20.9366148Z | /user/login POST | user: anonymous | durationMs: 137
2026-03-15T16:25:21.1507585Z | /user GET | user: 9 | durationMs: 10
2026-03-15T16:25:25.1983467Z | /user/4/icecreams GET | user: 9 | durationMs: 4
2026-03-15T16:25:26.2818313Z | /user/9 GET | user: 9 | durationMs: 2
2026-03-15T16:26:10.9961595Z | /user/register POST | user: anonymous | durationMs: 35
2026-03-15T16:26:11.0343590Z | /user/login POST | user: anonymous | durationMs: 6
2026-03-15T16:26:11.0745973Z | /user/21/icecreams GET | user: 21 | durationMs: 0
2026-03-15T16:26:13.1523997Z | /user/21 GET | user: 21 | durationMs: 0
2026-03-15T16:26:27.9091973Z | /.well-known/appspecific/com.chrome.devtools.json GET | user: anonymous | durationMs: 0
2026-03-15T16:26:34.1715157Z | /.well-known/appspecific/com.chrome.devtools.json GET | user: anonymous | durationMs: 0
2026-03-15T16:26:36.0814963Z | /.well-known/appspecific/com.chrome.devtools.json GET | user: anonymous | durationMs: 0
2026-03-15T16:26:42.2355293Z | /user/register POST | user: anonymous | durationMs: 33
2026-03-15T16:26:42.2750488Z | /user/login POST | user: anonymous | durationMs: 6
2026-03-15T16:26:42.3177159Z | /user/22/icecreams GET | user: 22 | durationMs: 0
2026-03-15T16:26:42.3215696Z | /.well-known/appspecific/com.chrome.devtools.json GET | user: anonymous | durationMs: 0
2026-03-15T16:26:46.5057036Z | /user/22 GET | user: 22 | durationMs: 0
2026-03-15T16:26:46.5113432Z | /.well-known/appspecific/com.chrome.devtools.json GET | user: anonymous | durationMs: 0
2026-03-15T16:30:29.3870563Z | /user/register POST | user: anonymous | durationMs: 84
2026-03-15T16:30:29.4788234Z | /user/login POST | user: anonymous | durationMs: 95
2026-03-15T16:30:29.6568080Z | /user/23/icecreams GET | user: 23 | durationMs: 5
2026-03-15T16:30:33.0414892Z | /user/23 GET | user: 23 | durationMs: 3
2026-03-15T16:30:33.0475839Z | /user/23 GET | user: 23 | durationMs: 1
2026-03-15T16:30:50.4181596Z | /user/23 PUT | user: 23 | durationMs: 14
2026-03-15T16:30:53.7220007Z | /user/23 GET | user: 23 | durationMs: 0
2026-03-15T16:31:00.0501298Z | /user/23/changepassword POST | user: 23 | durationMs: 23
2026-03-15T16:31:00.9773312Z | /user/23/changepassword POST | user: 23 | durationMs: 6
2026-03-15T16:31:01.2411693Z | /user/23/changepassword POST | user: 23 | durationMs: 5
2026-03-15T16:31:01.5220778Z | /user/23/changepassword POST | user: 23 | durationMs: 5
2026-03-15T16:31:01.7930074Z | /user/23/changepassword POST | user: 23 | durationMs: 5
2026-03-15T16:31:02.0975686Z | /user/23/changepassword POST | user: 23 | durationMs: 6
2026-03-15T16:31:23.8742114Z | /user/register POST | user: anonymous | durationMs: 18
2026-03-15T16:31:23.8954623Z | /user/login POST | user: anonymous | durationMs: 5
2026-03-15T16:31:23.9429552Z | /user/24/icecreams GET | user: 24 | durationMs: 0
2026-03-15T16:31:26.0957205Z | /user/24 GET | user: 24 | durationMs: 0
2026-03-15T16:31:26.0982270Z | /user/24 GET | user: 24 | durationMs: 0
2026-03-15T16:31:36.9776589Z | /user/24/changepassword POST | user: 24 | durationMs: 45
2026-03-15T16:31:51.8089425Z | /user/login POST | user: anonymous | durationMs: 5
2026-03-15T16:31:51.8426515Z | /user/24/icecreams GET | user: 24 | durationMs: 0
2026-03-15T16:31:54.9347224Z | /user/24 GET | user: 24 | durationMs: 0
2026-03-15T16:31:54.9394738Z | /user/24 GET | user: 24 | durationMs: 0
2026-03-15T16:32:20.4250139Z | /user/login POST | user: anonymous | durationMs: 5
2026-03-15T16:32:20.4618461Z | /user GET | user: 9 | durationMs: 6
2026-03-15T16:32:26.8572893Z | /user/11/icecreams GET | user: 9 | durationMs: 0
2026-03-15T16:32:28.4197153Z | /user/9 GET | user: 9 | durationMs: 0
2026-03-15T16:32:28.4240911Z | /user GET | user: 9 | durationMs: 0
2026-03-15T16:32:58.4742686Z | /user/1 GET | user: 9 | durationMs: 0
2026-03-15T16:33:03.2569535Z | /user/2 GET | user: 9 | durationMs: 0
2026-03-15T16:33:10.4572260Z | /user/2 GET | user: 9 | durationMs: 0
2026-03-15T16:33:12.4568650Z | /user/1 GET | user: 9 | durationMs: 0
2026-03-15T16:33:13.8014973Z | /user/2 GET | user: 9 | durationMs: 0
2026-03-15T16:33:14.9536331Z | /user/3 GET | user: 9 | durationMs: 0
2026-03-15T16:33:15.6905082Z | /user/2 GET | user: 9 | durationMs: 0
2026-03-15T16:33:16.7698826Z | /user/1 GET | user: 9 | durationMs: 0
2026-03-15T16:39:05.0164407Z | /user/login POST | user: anonymous | durationMs: 136
2026-03-15T16:39:05.2321999Z | /user GET | user: 9 | durationMs: 12
2026-03-15T16:39:10.3064742Z | /user/11/icecreams GET | user: 9 | durationMs: 5
2026-03-15T16:39:12.2150474Z | /user GET | user: 9 | durationMs: 0
2026-03-15T16:39:12.2132717Z | /user/9 GET | user: 9 | durationMs: 3
2026-03-15T16:47:23.4411924Z | /user/login POST | user: anonymous | durationMs: 139
2026-03-15T16:47:23.6641643Z | /user GET | user: 9 | durationMs: 11
2026-03-15T16:47:28.1165453Z | /user/11/icecreams GET | user: 9 | durationMs: 3
2026-03-15T16:47:29.4239482Z | /user GET | user: 9 | durationMs: 0
2026-03-15T16:47:29.4225547Z | /user/9 GET | user: 9 | durationMs: 13
2026-03-15T16:54:17.7346179Z | /user/login POST | user: anonymous | durationMs: 146
2026-03-15T16:54:17.9619244Z | /user GET | user: 9 | durationMs: 10
2026-03-15T16:54:20.2754874Z | /user/1/icecreams GET | user: 9 | durationMs: 6
2026-03-15T16:54:22.0029903Z | /user GET | user: 9 | durationMs: 1
2026-03-15T16:54:22.0074238Z | /user GET | user: 9 | durationMs: 0
2026-03-15T16:54:33.3449760Z | /user/login POST | user: anonymous | durationMs: 7
2026-03-15T16:54:33.3814085Z | /user GET | user: 9 | durationMs: 1
2026-03-15T16:54:36.7443205Z | /user/11/icecreams GET | user: 9 | durationMs: 0
2026-03-15T16:54:38.2062588Z | /user GET | user: 9 | durationMs: 0
2026-03-15T16:54:38.2090509Z | /user GET | user: 9 | durationMs: 0
2026-03-15T16:58:00.0785318Z | /user/login POST | user: anonymous | durationMs: 145
2026-03-15T16:58:00.3020185Z | /user GET | user: 9 | durationMs: 11
2026-03-15T16:58:04.1315607Z | /user/11/icecreams GET | user: 9 | durationMs: 4
2026-03-15T16:58:05.5725289Z | /user GET | user: 9 | durationMs: 1
2026-03-15T16:58:05.5767133Z | /user GET | user: 9 | durationMs: 0
2026-03-15T16:58:08.5282648Z | /user/1 GET | user: 9 | durationMs: 17
2026-03-15T16:58:21.7188449Z | /user/1 DELETE | user: 9 | durationMs: 18
2026-03-15T16:58:26.9230970Z | /user GET | user: 9 | durationMs: 0
2026-03-15T16:58:26.9188131Z | /user/1 DELETE | user: 9 | durationMs: 17
2026-03-15T16:58:30.2309797Z | /user/19 GET | user: 9 | durationMs: 0
2026-03-15T16:58:35.3429170Z | /user/19 DELETE | user: 9 | durationMs: 11
2026-03-15T16:58:36.5430529Z | /user/19 DELETE | user: 9 | durationMs: 0
2026-03-15T16:58:36.5498043Z | /user GET | user: 9 | durationMs: 0
2026-03-15T16:58:40.3661318Z | /user/2 GET | user: 9 | durationMs: 0
2026-03-15T16:58:46.2546187Z | /user/2 DELETE | user: 9 | durationMs: 179
2026-03-15T16:58:46.8945075Z | /user/2 DELETE | user: 9 | durationMs: 0
2026-03-15T16:58:46.8993167Z | /user GET | user: 9 | durationMs: 0
2026-03-16T13:24:50.6017985Z | /favicon.ico GET | user: anonymous | durationMs: 0
2026-03-16T13:24:56.1200485Z | /user/login POST | user: anonymous | durationMs: 222
2026-03-16T13:24:56.4150527Z | /user GET | user: 9 | durationMs: 12
2026-03-16T13:24:59.2456036Z | /user/11/icecreams GET | user: 9 | durationMs: 19
2026-03-16T13:25:00.5992438Z | /user GET | user: 9 | durationMs: 1
2026-03-16T13:25:00.6045585Z | /user GET | user: 9 | durationMs: 0
2026-03-16T13:25:04.2478510Z | /user/20 GET | user: 9 | durationMs: 2
2026-03-16T13:25:22.4551409Z | /user/register POST | user: anonymous | durationMs: 60
2026-03-16T13:25:22.5221434Z | /user/login POST | user: anonymous | durationMs: 5
2026-03-16T13:25:22.5602176Z | /user/25/icecreams GET | user: 25 | durationMs: 0
2026-03-16T13:25:25.8328584Z | /user/25 GET | user: 25 | durationMs: 0
2026-03-16T13:25:25.8354718Z | /user/25 GET | user: 25 | durationMs: 0
2026-03-16T13:25:38.3637375Z | /user/login POST | user: anonymous | durationMs: 8
2026-03-16T13:25:38.3951746Z | /user GET | user: 9 | durationMs: 0
2026-03-16T13:25:45.3469836Z | /user GET | user: 9 | durationMs: 0
2026-03-16T13:25:45.3506370Z | /user GET | user: 9 | durationMs: 0
2026-03-16T13:25:49.4434743Z | /user/22 GET | user: 9 | durationMs: 0
2026-03-16T13:25:56.6206240Z | /user/21/icecreams GET | user: 9 | durationMs: 0
2026-03-16T13:26:00.2130550Z | /user/login POST | user: anonymous | durationMs: 8
2026-03-16T13:26:00.2482956Z | /user GET | user: 9 | durationMs: 0
2026-03-16T13:26:10.9646561Z | /user/login POST | user: anonymous | durationMs: 7
2026-03-16T13:26:10.9987582Z | /user GET | user: 9 | durationMs: 0
2026-03-16T13:34:53.3063104Z | /user/login POST | user: anonymous | durationMs: 181
2026-03-16T13:34:53.5830952Z | /user GET | user: 9 | durationMs: 18
2026-03-16T13:34:57.7800411Z | /user GET | user: 9 | durationMs: 3
2026-03-16T13:34:57.7928308Z | /user GET | user: 9 | durationMs: 2
2026-03-16T13:35:02.4409061Z | /user/17 GET | user: 9 | durationMs: 8
2026-03-16T13:35:29.3934354Z | /user/login POST | user: anonymous | durationMs: 8
2026-03-16T13:35:29.4254500Z | /user GET | user: 9 | durationMs: 0
2026-03-16T13:35:33.5967965Z | /user/3/icecreams GET | user: 9 | durationMs: 6
2026-03-16T13:35:35.0551546Z | /user GET | user: 9 | durationMs: 0
2026-03-16T13:35:35.0582147Z | /user GET | user: 9 | durationMs: 0
2026-03-16T13:35:48.7282267Z | /user/login POST | user: anonymous | durationMs: 7
2026-03-16T13:35:48.7608920Z | /user GET | user: 9 | durationMs: 0
2026-03-16T13:35:51.8268363Z | /user GET | user: 9 | durationMs: 0
2026-03-16T13:35:51.8298335Z | /user GET | user: 9 | durationMs: 0
2026-03-16T13:37:42.8837513Z | /user GET | user: 9 | durationMs: 0
2026-03-16T13:37:42.8862612Z | /user GET | user: 9 | durationMs: 0
2026-03-16T13:38:03.3488175Z | /.well-known/appspecific/com.chrome.devtools.json GET | user: anonymous | durationMs: 0
2026-03-16T13:38:04.6235286Z | /.well-known/appspecific/com.chrome.devtools.json GET | user: anonymous | durationMs: 0
2026-03-16T13:38:05.6728342Z | /.well-known/appspecific/com.chrome.devtools.json GET | user: anonymous | durationMs: 0
2026-03-16T13:38:09.3942910Z | /user/login POST | user: anonymous | durationMs: 7
2026-03-16T13:38:09.4225518Z | /user GET | user: 9 | durationMs: 0
2026-03-16T13:38:09.4245615Z | /.well-known/appspecific/com.chrome.devtools.json GET | user: anonymous | durationMs: 0
2026-03-16T13:40:57.4618371Z | /user/3/icecreams GET | user: 9 | durationMs: 0
2026-03-16T13:40:58.7204165Z | /.well-known/appspecific/com.chrome.devtools.json GET | user: anonymous | durationMs: 0
2026-03-16T13:40:58.7783967Z | /user GET | user: 9 | durationMs: 0
2026-03-16T13:40:58.7812907Z | /user GET | user: 9 | durationMs: 0
2026-03-16T13:41:12.5842513Z | /.well-known/appspecific/com.chrome.devtools.json GET | user: anonymous | durationMs: 0
2026-03-16T13:41:15.3626864Z | /.well-known/appspecific/com.chrome.devtools.json GET | user: anonymous | durationMs: 0
2026-03-16T13:41:18.7876850Z | /.well-known/appspecific/com.chrome.devtools.json GET | user: anonymous | durationMs: 0
2026-03-16T13:41:24.3263087Z | /user/login POST | user: anonymous | durationMs: 6
2026-03-16T13:41:24.3550821Z | /.well-known/appspecific/com.chrome.devtools.json GET | user: anonymous | durationMs: 0
2026-03-16T13:41:24.3551255Z | /user GET | user: 9 | durationMs: 0
2026-03-16T13:41:28.4784551Z | /.well-known/appspecific/com.chrome.devtools.json GET | user: anonymous | durationMs: 0
2026-03-16T13:41:28.4879412Z | /user GET | user: 9 | durationMs: 0
2026-03-16T13:41:28.4914309Z | /user GET | user: 9 | durationMs: 0
2026-03-16T13:41:36.5776131Z | /.well-known/appspecific/com.chrome.devtools.json GET | user: anonymous | durationMs: 0
2026-03-16T13:41:38.5974637Z | /.well-known/appspecific/com.chrome.devtools.json GET | user: anonymous | durationMs: 0
2026-03-16T13:41:45.3332548Z | /user/login POST | user: anonymous | durationMs: 3
2026-03-16T13:41:45.3573768Z | /user GET | user: 9 | durationMs: 0
2026-03-16T13:41:45.3584283Z | /.well-known/appspecific/com.chrome.devtools.json GET | user: anonymous | durationMs: 0
2026-03-16T13:41:46.5284760Z | /user/3/icecreams GET | user: 9 | durationMs: 0
2026-03-16T13:41:47.8441789Z | /.well-known/appspecific/com.chrome.devtools.json GET | user: anonymous | durationMs: 0
2026-03-16T13:41:47.8446422Z | /user GET | user: 9 | durationMs: 0
2026-03-16T13:41:47.8470332Z | /user GET | user: 9 | durationMs: 0
2026-03-16T13:41:52.8003702Z | /.well-known/appspecific/com.chrome.devtools.json GET | user: anonymous | durationMs: 0
2026-03-16T13:41:54.6474129Z | /.well-known/appspecific/com.chrome.devtools.json GET | user: anonymous | durationMs: 0
2026-03-16T13:42:00.0623309Z | /user/login POST | user: anonymous | durationMs: 3
2026-03-16T13:42:00.0869038Z | /user GET | user: 9 | durationMs: 0
2026-03-16T13:42:00.0898791Z | /.well-known/appspecific/com.chrome.devtools.json GET | user: anonymous | durationMs: 0
2026-03-16T13:42:06.8648168Z | /user/25/icecreams GET | user: 9 | durationMs: 1
2026-03-16T13:42:16.9233480Z | /.well-known/appspecific/com.chrome.devtools.json GET | user: anonymous | durationMs: 0
2026-03-16T13:42:18.2198348Z | /.well-known/appspecific/com.chrome.devtools.json GET | user: anonymous | durationMs: 0
2026-03-16T13:42:22.5302328Z | /user/login POST | user: anonymous | durationMs: 7
2026-03-16T13:42:22.5575768Z | /user GET | user: 9 | durationMs: 0
2026-03-16T13:42:22.5580485Z | /.well-known/appspecific/com.chrome.devtools.json GET | user: anonymous | durationMs: 0
2026-03-16T13:42:26.9194959Z | /user/9/icecreams GET | user: 9 | durationMs: 0
2026-03-16T13:42:28.7926713Z | /user/9/icecreams GET | user: 9 | durationMs: 0
2026-03-16T13:42:34.1222494Z | /user/9/icecreams/1 PUT | user: 9 | durationMs: 36
2026-03-16T13:42:34.1637118Z | /user/9/icecreams GET | user: 9 | durationMs: 0
2026-03-16T13:51:31.2507700Z | /user/login POST | user: anonymous | durationMs: 162
2026-03-16T13:51:31.5321983Z | /user GET | user: 9 | durationMs: 18
2026-03-16T13:51:35.2598973Z | /user/11/icecreams GET | user: 9 | durationMs: 3
2026-03-16T13:51:36.8771843Z | /user/11 GET | user: 9 | durationMs: 3
2026-03-16T13:51:36.8832800Z | /user/11 GET | user: 9 | durationMs: 0
2026-03-16T13:51:52.5426809Z | /user GET | user: 9 | durationMs: 1
2026-03-16T13:51:59.6232953Z | /user/23 GET | user: 9 | durationMs: 0
2026-03-16T13:52:02.4138393Z | /user GET | user: 9 | durationMs: 0
2026-03-16T13:52:07.4782109Z | /user/5 GET | user: 9 | durationMs: 0
2026-03-16T13:52:16.7637132Z | /user GET | user: 9 | durationMs: 0
2026-03-16T13:52:46.5212556Z | /user/register POST | user: anonymous | durationMs: 58
2026-03-16T13:52:46.5828553Z | /user/login POST | user: anonymous | durationMs: 2
2026-03-16T13:52:46.6145404Z | /user/26/icecreams GET | user: 26 | durationMs: 0
2026-03-16T13:52:52.0599715Z | /user/26/icecreams POST | user: 26 | durationMs: 30
2026-03-16T13:52:52.0964999Z | /user/26/icecreams GET | user: 26 | durationMs: 0
2026-03-16T13:52:55.9265781Z | /user/26/icecreams POST | user: 26 | durationMs: 23
2026-03-16T13:52:55.9567126Z | /user/26/icecreams GET | user: 26 | durationMs: 0
2026-03-16T13:53:00.6449642Z | /user/26/icecreams GET | user: 26 | durationMs: 0
2026-03-16T13:53:05.9889911Z | /user/26/icecreams/1 PUT | user: 26 | durationMs: 31
2026-03-16T13:53:06.0249857Z | /user/26/icecreams GET | user: 26 | durationMs: 0
2026-03-16T13:53:08.0606264Z | /user/26 GET | user: 26 | durationMs: 0
2026-03-16T13:53:08.0624538Z | /user/26 GET | user: 26 | durationMs: 0
2026-03-16T13:53:25.3030430Z | /user/login POST | user: anonymous | durationMs: 8
2026-03-16T13:53:25.3485435Z | /user GET | user: 9 | durationMs: 0
2026-03-16T13:53:29.0785583Z | /user GET | user: 9 | durationMs: 0
2026-03-16T13:53:29.0811673Z | /user GET | user: 9 | durationMs: 0
2026-03-16T13:53:33.3661688Z | /user/17 GET | user: 9 | durationMs: 0
2026-03-16T13:53:40.1179688Z | /user/login POST | user: anonymous | durationMs: 7
2026-03-16T13:53:40.1585844Z | /user GET | user: 9 | durationMs: 0
2026-03-16T13:53:43.3107217Z | /user/11/icecreams GET | user: 9 | durationMs: 0
2026-03-16T13:53:48.0596449Z | /user/11 GET | user: 9 | durationMs: 0
2026-03-16T13:53:48.0614762Z | /user/11 GET | user: 9 | durationMs: 0
2026-03-16T13:53:52.1586781Z | /user GET | user: 9 | durationMs: 0
2026-03-16T13:53:54.8779504Z | /user/13 GET | user: 9 | durationMs: 0
2026-03-16T13:53:57.5326293Z | /user GET | user: 9 | durationMs: 0
2026-03-16T13:54:04.6544775Z | /user/login POST | user: anonymous | durationMs: 8
2026-03-16T13:54:04.6976688Z | /user GET | user: 9 | durationMs: 0
2026-03-16T13:54:08.7184497Z | /user/22/icecreams GET | user: 9 | durationMs: 0
2026-03-16T13:54:10.9861997Z | /user/22 GET | user: 9 | durationMs: 0
2026-03-16T13:54:10.9887594Z | /user/22 GET | user: 9 | durationMs: 0
2026-03-16T13:55:08.1480909Z | /user/4 GET | user: 9 | durationMs: 0
2026-03-16T13:55:10.8768873Z | /user GET | user: 9 | durationMs: 0
2026-03-16T13:55:42.9040941Z | /user/register POST | user: anonymous | durationMs: 29
2026-03-16T13:55:42.9389653Z | /user/login POST | user: anonymous | durationMs: 3
2026-03-16T13:55:42.9742616Z | /user/27/icecreams GET | user: 27 | durationMs: 0
2026-03-16T13:55:45.4924611Z | /user/27/icecreams POST | user: 27 | durationMs: 25
2026-03-16T13:55:45.5251445Z | /user/27/icecreams GET | user: 27 | durationMs: 0
2026-03-16T13:55:49.4722065Z | /user/27/icecreams POST | user: 27 | durationMs: 27
2026-03-16T13:55:49.5033828Z | /user/27/icecreams GET | user: 27 | durationMs: 0
2026-03-16T13:55:57.0395769Z | /user/login POST | user: anonymous | durationMs: 6
2026-03-16T13:55:57.0764689Z | /user/27/icecreams GET | user: 27 | durationMs: 0
2026-03-17T11:39:15.9623592Z | /favicon.ico GET | user: anonymous | durationMs: 1
2026-03-17T11:39:32.8815114Z | /user/login POST | user: anonymous | durationMs: 167
2026-03-17T11:39:33.1526887Z | /user GET | user: 9 | durationMs: 22
2026-03-17T11:39:38.2158001Z | /user/3/icecreams GET | user: 9 | durationMs: 5
2026-03-17T11:39:40.3874125Z | /user/3 GET | user: 9 | durationMs: 2
2026-03-17T11:39:40.3920396Z | /user/3 GET | user: 9 | durationMs: 0
2026-03-17T11:39:52.4818607Z | /user GET | user: 9 | durationMs: 0
2026-03-17T11:39:57.8035191Z | /user/7 DELETE | user: 9 | durationMs: 17
2026-03-17T11:39:57.8243802Z | /user GET | user: 9 | durationMs: 0
2026-03-17T11:40:00.4276640Z | /user/8 GET | user: 9 | durationMs: 0
2026-03-17T11:40:03.4137766Z | /user/8 DELETE | user: 9 | durationMs: 22
2026-03-17T11:40:04.9349794Z | /user GET | user: 9 | durationMs: 0
2026-03-17T11:40:04.9302053Z | /user/8 DELETE | user: 9 | durationMs: 16
2026-03-17T11:40:06.9148603Z | /user/9 GET | user: 9 | durationMs: 0
2026-03-17T11:40:11.0819822Z | /user GET | user: 9 | durationMs: 0
2026-03-17T12:15:19.3510944Z | /favicon.ico GET | user: anonymous | durationMs: 0
2026-03-17T12:16:23.9282147Z | /user/register POST | user: anonymous | durationMs: 151
2026-03-17T12:16:24.0856404Z | /user/login POST | user: anonymous | durationMs: 211
2026-03-17T12:16:24.5228418Z | /user/28/icecreams GET | user: 28 | durationMs: 6
2026-03-17T12:16:29.9211433Z | /user/28/icecreams POST | user: 28 | durationMs: 34
2026-03-17T12:16:29.9600020Z | /user/28/icecreams GET | user: 28 | durationMs: 2
2026-03-17T12:16:33.9869721Z | /user/28/icecreams GET | user: 28 | durationMs: 0
2026-03-17T12:16:40.1229741Z | /user/28/icecreams/1 PUT | user: 28 | durationMs: 15
2026-03-17T12:16:40.1419009Z | /user/28/icecreams GET | user: 28 | durationMs: 0
2026-03-17T12:16:41.3619384Z | /user/28/icecreams/1 DELETE | user: 28 | durationMs: 14
2026-03-17T12:16:41.3800137Z | /user/28/icecreams GET | user: 28 | durationMs: 0
2026-03-17T12:16:42.6097716Z | /user/28 GET | user: 28 | durationMs: 1
2026-03-17T12:16:42.6148162Z | /user/28 GET | user: 28 | durationMs: 0
2026-03-17T12:16:49.4754706Z | /user/28 PUT | user: 28 | durationMs: 14
2026-03-17T12:16:51.0274361Z | /user/28 GET | user: 28 | durationMs: 0
2026-03-17T12:16:59.3867446Z | /user/28/changepassword POST | user: 28 | durationMs: 24
2026-03-17T12:17:00.0422142Z | /user/28/changepassword POST | user: 28 | durationMs: 9
2026-03-17T12:17:00.2671084Z | /user/28/changepassword POST | user: 28 | durationMs: 7
2026-03-17T12:17:00.5316350Z | /user/28/changepassword POST | user: 28 | durationMs: 6
2026-03-17T12:17:11.1783274Z | /user/28/changepassword POST | user: 28 | durationMs: 7
2026-03-17T12:17:21.2263660Z | /user/28/changepassword POST | user: 28 | durationMs: 8
2026-03-17T12:17:23.4423661Z | /user/28/changepassword POST | user: 28 | durationMs: 7
2026-03-17T12:17:23.6740126Z | /user/28/changepassword POST | user: 28 | durationMs: 8
2026-03-17T14:03:20.4946355Z | /favicon.ico GET | user: anonymous | durationMs: 1
2026-03-17T14:03:29.3215812Z | /user/login POST | user: anonymous | durationMs: 144
2026-03-17T14:03:29.6152240Z | /user GET | user: 9 | durationMs: 17
2026-03-17T14:03:37.1902460Z | /user/28/icecreams GET | user: 9 | durationMs: 5
2026-03-17T14:03:38.9449037Z | /user/28 GET | user: 9 | durationMs: 3
2026-03-17T14:03:38.9505960Z | /user/28 GET | user: 9 | durationMs: 0
2026-03-17T14:03:41.6817381Z | /user GET | user: 9 | durationMs: 4
2026-03-17T14:04:22.9314500Z | /.well-known/appspecific/com.chrome.devtools.json GET | user: anonymous | durationMs: 0
2026-03-17T14:04:26.2822740Z | /.well-known/appspecific/com.chrome.devtools.json GET | user: anonymous | durationMs: 0
2026-03-17T14:04:45.1401617Z | /user/register POST | user: anonymous | durationMs: 45
2026-03-17T14:04:45.1901468Z | /user/login POST | user: anonymous | durationMs: 21
2026-03-17T14:04:45.3001725Z | /.well-known/appspecific/com.chrome.devtools.json GET | user: anonymous | durationMs: 0
2026-03-17T14:04:45.3302750Z | /user/29/icecreams GET | user: 29 | durationMs: 0
2026-03-17T14:04:54.9478678Z | /user/29/icecreams POST | user: 29 | durationMs: 6
2026-03-17T14:04:54.9591323Z | /user/29/icecreams GET | user: 29 | durationMs: 0
2026-03-17T14:05:03.6300676Z | /user/29 GET | user: 29 | durationMs: 0
2026-03-17T14:05:03.6339941Z | /user/29 GET | user: 29 | durationMs: 0
2026-03-17T14:05:03.6411560Z | /.well-known/appspecific/com.chrome.devtools.json GET | user: anonymous | durationMs: 0
2026-03-17T14:05:16.4432891Z | /user/29/changepassword POST | user: 29 | durationMs: 35
2026-03-17T14:11:41.2339826Z | /.well-known/appspecific/com.chrome.devtools.json GET | user: anonymous | durationMs: 3
2026-03-17T14:11:44.6044301Z | /.well-known/appspecific/com.chrome.devtools.json GET | user: anonymous | durationMs: 0
2026-03-17T14:11:56.9080857Z | /user/register POST | user: anonymous | durationMs: 98
2026-03-17T14:11:57.0109196Z | /user/login POST | user: anonymous | durationMs: 83
2026-03-17T14:11:57.2172099Z | /.well-known/appspecific/com.chrome.devtools.json GET | user: anonymous | durationMs: 0
2026-03-17T14:11:57.3041017Z | /user/30/icecreams GET | user: 30 | durationMs: 11
2026-03-17T14:12:03.6230308Z | /.well-known/appspecific/com.chrome.devtools.json GET | user: anonymous | durationMs: 0
2026-03-17T14:12:03.7368815Z | /user/30 GET | user: 30 | durationMs: 5
2026-03-17T14:12:03.7448886Z | /user/30 GET | user: 30 | durationMs: 2
2026-03-17T14:12:12.5194681Z | /user/30/changepassword POST | user: 30 | durationMs: 37
2026-03-17T14:12:28.8757002Z | /user/30/changepassword POST | user: anonymous | durationMs: 5
2026-03-17T14:13:58.8954027Z | /.well-known/appspecific/com.chrome.devtools.json GET | user: anonymous | durationMs: 1
2026-03-17T14:14:02.8011945Z | /.well-known/appspecific/com.chrome.devtools.json GET | user: anonymous | durationMs: 0
2026-03-17T14:14:17.3496081Z | /user/register POST | user: anonymous | durationMs: 112
2026-03-17T14:14:17.4692877Z | /user/login POST | user: anonymous | durationMs: 194
2026-03-17T14:14:17.7469093Z | /.well-known/appspecific/com.chrome.devtools.json GET | user: anonymous | durationMs: 0
2026-03-17T14:14:17.8331865Z | /user/31/icecreams GET | user: 31 | durationMs: 9
2026-03-17T14:14:24.2073934Z | /user/31/icecreams POST | user: 31 | durationMs: 9
2026-03-17T14:14:24.2221763Z | /user/31/icecreams GET | user: 31 | durationMs: 1
2026-03-17T14:14:27.7172233Z | /.well-known/appspecific/com.chrome.devtools.json GET | user: anonymous | durationMs: 0
2026-03-17T14:14:27.7831125Z | /user/31 GET | user: 31 | durationMs: 5
2026-03-17T14:14:27.7919564Z | /user/31 GET | user: 31 | durationMs: 0
2026-03-17T14:17:32.7543148Z | /.well-known/appspecific/com.chrome.devtools.json GET | user: anonymous | durationMs: 3
2026-03-17T14:17:34.4574728Z | /.well-known/appspecific/com.chrome.devtools.json GET | user: anonymous | durationMs: 0
2026-03-17T14:17:46.0518992Z | /user/register POST | user: anonymous | durationMs: 97
2026-03-17T14:17:46.1534077Z | /user/login POST | user: anonymous | durationMs: 94
2026-03-17T14:17:46.3576876Z | /.well-known/appspecific/com.chrome.devtools.json GET | user: anonymous | durationMs: 0
2026-03-17T14:17:46.4216127Z | /user/32/icecreams GET | user: 32 | durationMs: 6
2026-03-17T14:17:50.5481295Z | /user/32/icecreams POST | user: 32 | durationMs: 12
2026-03-17T14:17:50.5672223Z | /user/32/icecreams GET | user: 32 | durationMs: 2
2026-03-17T14:17:52.5849600Z | /.well-known/appspecific/com.chrome.devtools.json GET | user: anonymous | durationMs: 0
2026-03-17T14:17:52.5911288Z | /user/32 GET | user: 32 | durationMs: 4
2026-03-17T14:17:52.6002435Z | /user/32 GET | user: 32 | durationMs: 0
2026-03-17T14:17:57.4570603Z | /.well-known/appspecific/com.chrome.devtools.json GET | user: anonymous | durationMs: 0
2026-03-17T14:23:03.7313975Z | /.well-known/appspecific/com.chrome.devtools.json GET | user: anonymous | durationMs: 2
2026-03-17T14:23:05.3198802Z | /.well-known/appspecific/com.chrome.devtools.json GET | user: anonymous | durationMs: 0
2026-03-17T14:23:16.3883891Z | /user/register POST | user: anonymous | durationMs: 91
2026-03-17T14:23:16.4838091Z | /user/login POST | user: anonymous | durationMs: 86
2026-03-17T14:23:16.6167591Z | /.well-known/appspecific/com.chrome.devtools.json GET | user: anonymous | durationMs: 0
2026-03-17T14:23:16.6785927Z | /user/33/icecreams GET | user: 33 | durationMs: 7
2026-03-17T14:23:21.2338367Z | /user/33/icecreams POST | user: 33 | durationMs: 8
2026-03-17T14:23:21.2483164Z | /user/33/icecreams GET | user: 33 | durationMs: 3
2026-03-17T14:23:22.9535929Z | /.well-known/appspecific/com.chrome.devtools.json GET | user: anonymous | durationMs: 0
2026-03-17T14:23:22.9565581Z | /user/33 GET | user: 33 | durationMs: 4
2026-03-17T14:23:22.9667523Z | /user/33 GET | user: 33 | durationMs: 0
2026-03-17T14:38:03.5340624Z | /.well-known/appspecific/com.chrome.devtools.json GET | user: anonymous | durationMs: 2
2026-03-17T14:38:05.1439458Z | /.well-known/appspecific/com.chrome.devtools.json GET | user: anonymous | durationMs: 0
2026-03-17T14:38:14.9468302Z | /user/register POST | user: anonymous | durationMs: 105
2026-03-17T14:38:15.0609934Z | /user/login POST | user: anonymous | durationMs: 142
2026-03-17T14:38:15.2973645Z | /.well-known/appspecific/com.chrome.devtools.json GET | user: anonymous | durationMs: 0
2026-03-17T14:38:15.3603549Z | /user/34/icecreams GET | user: 34 | durationMs: 9
2026-03-17T14:38:18.0346565Z | /.well-known/appspecific/com.chrome.devtools.json GET | user: anonymous | durationMs: 0
2026-03-17T14:38:18.0444560Z | /user/34 GET | user: 34 | durationMs: 13
2026-03-17T14:38:18.0606314Z | /user/34 GET | user: 34 | durationMs: 3
2026-03-17T14:38:23.2935293Z | /.well-known/appspecific/com.chrome.devtools.json GET | user: anonymous | durationMs: 0
2026-03-17T14:38:25.6327043Z | /.well-known/appspecific/com.chrome.devtools.json GET | user: anonymous | durationMs: 0
2026-03-17T14:38:35.4718220Z | /user/register POST | user: anonymous | durationMs: 16
2026-03-17T14:38:35.4924981Z | /user/login POST | user: anonymous | durationMs: 14
2026-03-17T14:38:35.5562136Z | /user/35/icecreams GET | user: 35 | durationMs: 0
2026-03-17T14:38:35.5724095Z | /.well-known/appspecific/com.chrome.devtools.json GET | user: anonymous | durationMs: 0
2026-03-17T14:38:47.6031439Z | /user/35 GET | user: 35 | durationMs: 1
2026-03-17T14:38:47.6080885Z | /user/35 GET | user: 35 | durationMs: 0
2026-03-17T14:38:47.6112794Z | /.well-known/appspecific/com.chrome.devtools.json GET | user: anonymous | durationMs: 0
2026-03-17T14:40:03.5466729Z | /.well-known/appspecific/com.chrome.devtools.json GET | user: anonymous | durationMs: 2
2026-03-17T14:40:04.8580761Z | /.well-known/appspecific/com.chrome.devtools.json GET | user: anonymous | durationMs: 0
2026-03-17T14:40:15.3078139Z | /user/register POST | user: anonymous | durationMs: 100
2026-03-17T14:40:15.4122240Z | /user/login POST | user: anonymous | durationMs: 91
2026-03-17T14:40:15.6037502Z | /.well-known/appspecific/com.chrome.devtools.json GET | user: anonymous | durationMs: 0
2026-03-17T14:40:15.6568705Z | /user/36/icecreams GET | user: 36 | durationMs: 8
2026-03-17T14:40:18.5454422Z | /.well-known/appspecific/com.chrome.devtools.json GET | user: anonymous | durationMs: 0
2026-03-17T14:40:18.5494634Z | /user/36 GET | user: 36 | durationMs: 13
2026-03-17T14:40:18.5700692Z | /user/36 GET | user: 36 | durationMs: 5
2026-03-17T14:40:25.8715051Z | /user/36/changepassword POST | user: 36 | durationMs: 44
2026-03-17T14:40:39.6529532Z | /user/36 PUT | user: 36 | durationMs: 5
2026-03-17T14:40:42.1410120Z | /user/36 GET | user: 36 | durationMs: 0
2026-03-17T18:41:06.1606136Z | /user/36 GET | user: 36 | durationMs: 77
2026-03-17T18:41:06.2410801Z | /user/36 GET | user: 36 | durationMs: 2
2026-03-17T18:41:20.9020926Z | /.well-known/appspecific/com.chrome.devtools.json GET | user: anonymous | durationMs: 0
2026-03-17T18:41:24.8391868Z | /user/36 GET | user: 36 | durationMs: 2
2026-03-17T18:41:24.8471391Z | /user/36 GET | user: 36 | durationMs: 0
2026-03-17T18:41:24.8633215Z | /.well-known/appspecific/com.chrome.devtools.json GET | user: anonymous | durationMs: 0
2026-03-17T18:41:27.3443584Z | /.well-known/appspecific/com.chrome.devtools.json GET | user: anonymous | durationMs: 0
2026-03-17T18:57:06.8362376Z | /user/register POST | user: anonymous | durationMs: 79
2026-03-17T18:57:06.9212916Z | /user/login POST | user: anonymous | durationMs: 72
2026-03-17T18:57:07.0875825Z | /user/37/icecreams GET | user: 37 | durationMs: 6
2026-03-17T18:57:09.5836616Z | /user/37 GET | user: 37 | durationMs: 8
2026-03-17T18:57:09.5948082Z | /user/37 GET | user: 37 | durationMs: 1
2026-03-17T18:58:48.4602577Z | /css/img/1.png GET | user: anonymous | durationMs: 13
2026-03-17T19:02:00.9943984Z | /css/img/1.png GET | user: anonymous | durationMs: 2
2026-03-17T19:05:35.4721850Z | /css/img/1.png GET | user: anonymous | durationMs: 1
2026-03-17T19:07:29.2716343Z | /user/37 GET | user: 37 | durationMs: 56
2026-03-17T19:07:29.3335035Z | /user/37 GET | user: 37 | durationMs: 2
2026-03-17T19:12:03.9650228Z | /css/img/1.png GET | user: anonymous | durationMs: 1
2026-03-17T19:12:17.1003986Z | /user/login POST | user: anonymous | durationMs: 119
2026-03-17T19:12:17.3274095Z | /user GET | user: 9 | durationMs: 15
2026-03-17T19:12:21.9262651Z | /user/16/icecreams GET | user: 9 | durationMs: 5
2026-03-17T19:12:23.6135965Z | /user/16 GET | user: 9 | durationMs: 5
2026-03-17T19:12:23.6217392Z | /user/16 GET | user: 9 | durationMs: 0
2026-03-17T19:12:42.5935410Z | /user/register POST | user: anonymous | durationMs: 40
2026-03-17T19:12:42.6360941Z | /user/login POST | user: anonymous | durationMs: 10
2026-03-17T19:12:42.6844914Z | /user/38/icecreams GET | user: 38 | durationMs: 0
2026-03-17T19:12:45.4857708Z | /user/38 GET | user: 38 | durationMs: 0
2026-03-17T19:12:45.4887722Z | /user/38 GET | user: 38 | durationMs: 0
2026-03-17T19:25:20.4076207Z | /css/image_04fa7f.jpg GET | user: anonymous | durationMs: 1
2026-03-17T19:25:33.3266803Z | /css/img/1.png GET | user: anonymous | durationMs: 0
2026-03-17T20:13:29.0447364Z | /css/img/1.png GET | user: anonymous | durationMs: 0
2026-03-17T20:15:22.3477165Z | /css/img/1.png GET | user: anonymous | durationMs: 1
2026-03-17T20:18:49.3935105Z | /css/image_04fa7f.jpg GET | user: anonymous | durationMs: 1
2026-03-17T20:20:33.3658111Z | /css/img/1.png GET | user: anonymous | durationMs: 1
2026-03-17T20:21:04.3018464Z | /user/login POST | user: anonymous | durationMs: 115
2026-03-17T20:21:04.5182704Z | /user GET | user: 9 | durationMs: 17
2026-03-17T20:21:11.9703553Z | /user/30/icecreams GET | user: 9 | durationMs: 6
2026-03-17T20:21:16.0240898Z | /user/30 GET | user: 9 | durationMs: 5
2026-03-17T20:21:16.0322425Z | /user/30 GET | user: 9 | durationMs: 0
2026-03-17T20:21:25.7380008Z | /user/login POST | user: anonymous | durationMs: 14
2026-03-17T20:21:25.7945967Z | /user GET | user: 9 | durationMs: 7
2026-03-17T20:24:09.7971854Z | /css/img/1.png GET | user: anonymous | durationMs: 1
2026-03-17T20:24:30.0826248Z | /user/login POST | user: anonymous | durationMs: 115
2026-03-17T20:24:30.3026004Z | /user GET | user: 9 | durationMs: 12
2026-03-17T20:24:34.7187514Z | /user/26/icecreams GET | user: 9 | durationMs: 5
2026-03-17T20:24:36.7181190Z | /user/26 GET | user: 9 | durationMs: 6
2026-03-17T20:24:36.7275067Z | /user/26 GET | user: 9 | durationMs: 0
2026-03-17T20:24:38.8547363Z | /css/img/1.png GET | user: anonymous | durationMs: 0
2026-03-17T20:25:41.4054714Z | /css/img/1.png GET | user: anonymous | durationMs: 1
2026-03-17T20:26:09.5139683Z | /css/img/1.png GET | user: anonymous | durationMs: 1
2026-03-17T20:27:19.7455043Z | /css/img/1.png GET | user: anonymous | durationMs: 1
2026-03-17T20:28:21.8878893Z | /css/img/1.png GET | user: anonymous | durationMs: 2
2026-03-17T20:28:23.6647480Z | /css/img/1.png GET | user: anonymous | durationMs: 0
2026-03-17T20:31:55.3007659Z | /css/img/1.png GET | user: anonymous | durationMs: 1
2026-03-17T20:32:05.2584193Z | /user/login POST | user: anonymous | durationMs: 115
2026-03-17T20:32:05.4564772Z | /user GET | user: 9 | durationMs: 17
2026-03-17T20:32:25.1289914Z | /css/img/1.png GET | user: anonymous | durationMs: 0
2026-03-17T20:32:33.0592831Z | /user/login POST | user: anonymous | durationMs: 116
2026-03-17T20:32:33.3329031Z | /user GET | user: 9 | durationMs: 19
2026-03-17T20:32:36.6002359Z | /css/img/1.png GET | user: anonymous | durationMs: 0
2026-03-17T20:32:44.7761485Z | /user GET | user: 9 | durationMs: 4
2026-03-17T20:32:44.7800285Z | /user GET | user: 9 | durationMs: 6
2026-03-17T20:32:46.3162814Z | /css/img/1.png GET | user: anonymous | durationMs: 0
2026-03-17T20:32:49.0338416Z | /.well-known/appspecific/com.chrome.devtools.json GET | user: anonymous | durationMs: 0
2026-03-17T20:32:52.7913006Z | /.well-known/appspecific/com.chrome.devtools.json GET | user: anonymous | durationMs: 0
2026-03-17T20:34:11.1429131Z | /css/img/1.png GET | user: anonymous | durationMs: 2
2026-03-17T20:34:13.5395414Z | /.well-known/appspecific/com.chrome.devtools.json GET | user: anonymous | durationMs: 0
2026-03-17T20:34:15.0198837Z | /.well-known/appspecific/com.chrome.devtools.json GET | user: anonymous | durationMs: 0
2026-03-17T20:34:18.1446325Z | /.well-known/appspecific/com.chrome.devtools.json GET | user: anonymous | durationMs: 0
2026-03-17T20:34:18.1521165Z | /css/img/1.png GET | user: anonymous | durationMs: 0
2026-03-17T20:34:19.8838160Z | /.well-known/appspecific/com.chrome.devtools.json GET | user: anonymous | durationMs: 0
2026-03-17T20:35:44.3047846Z | /css/img/1.png GET | user: anonymous | durationMs: 1
2026-03-17T20:35:45.9944079Z | /css/img/1.png GET | user: anonymous | durationMs: 0
2026-03-17T20:35:49.3476253Z | /.well-known/appspecific/com.chrome.devtools.json GET | user: anonymous | durationMs: 0
2026-03-17T20:35:51.2282819Z | /.well-known/appspecific/com.chrome.devtools.json GET | user: anonymous | durationMs: 0
2026-03-17T20:35:57.0743234Z | /css/img/1.png GET | user: anonymous | durationMs: 0
2026-03-17T20:35:57.0841563Z | /.well-known/appspecific/com.chrome.devtools.json GET | user: anonymous | durationMs: 0
2026-03-17T20:36:00.9918194Z | /.well-known/appspecific/com.chrome.devtools.json GET | user: anonymous | durationMs: 0
2026-03-17T20:37:08.7582766Z | /css/img/1.png GET | user: anonymous | durationMs: 0
2026-03-17T20:37:08.7649390Z | /.well-known/appspecific/com.chrome.devtools.json GET | user: anonymous | durationMs: 0
2026-03-17T20:37:12.2456979Z | /.well-known/appspecific/com.chrome.devtools.json GET | user: anonymous | durationMs: 0
2026-03-17T20:37:16.7410430Z | /css/img/1.png GET | user: anonymous | durationMs: 0
2026-03-17T20:37:16.7473147Z | /.well-known/appspecific/com.chrome.devtools.json GET | user: anonymous | durationMs: 0
2026-03-17T20:37:18.5238679Z | /.well-known/appspecific/com.chrome.devtools.json GET | user: anonymous | durationMs: 0
2026-03-17T20:38:02.9321667Z | /css/img/1.png GET | user: anonymous | durationMs: 1
2026-03-17T20:38:05.1935400Z | /.well-known/appspecific/com.chrome.devtools.json GET | user: anonymous | durationMs: 0
2026-03-17T20:38:07.1792903Z | /.well-known/appspecific/com.chrome.devtools.json GET | user: anonymous | durationMs: 0
2026-03-17T20:38:11.0031849Z | /.well-known/appspecific/com.chrome.devtools.json GET | user: anonymous | durationMs: 0
2026-03-17T20:39:30.5668552Z | /css/img/1.png GET | user: anonymous | durationMs: 1
2026-03-17T20:39:32.6111553Z | /.well-known/appspecific/com.chrome.devtools.json GET | user: anonymous | durationMs: 0
2026-03-17T20:39:33.9982826Z | /.well-known/appspecific/com.chrome.devtools.json GET | user: anonymous | durationMs: 0
2026-03-17T20:39:41.5458439Z | /.well-known/appspecific/com.chrome.devtools.json GET | user: anonymous | durationMs: 0
2026-03-17T20:39:41.5507380Z | /css/img/1.png GET | user: anonymous | durationMs: 0
2026-03-17T20:39:43.2210719Z | /.well-known/appspecific/com.chrome.devtools.json GET | user: anonymous | durationMs: 0
2026-03-17T20:39:46.8740684Z | /.well-known/appspecific/com.chrome.devtools.json GET | user: anonymous | durationMs: 0
2026-03-17T20:39:57.3479487Z | /user/login POST | user: anonymous | durationMs: 135
2026-03-17T20:39:57.5291776Z | /.well-known/appspecific/com.chrome.devtools.json GET | user: anonymous | durationMs: 0
2026-03-17T20:39:57.6192440Z | /user GET | user: 9 | durationMs: 15
2026-03-17T20:40:37.0501668Z | /css/img/1.png GET | user: anonymous | durationMs: 1
2026-03-17T20:40:46.0044240Z | /user/login POST | user: anonymous | durationMs: 128
2026-03-17T20:40:46.2235289Z | /user GET | user: 9 | durationMs: 24
2026-03-17T20:40:55.8563268Z | /.well-known/appspecific/com.chrome.devtools.json GET | user: anonymous | durationMs: 0
2026-03-17T20:40:58.7157621Z | /css/img/1.png GET | user: anonymous | durationMs: 0
2026-03-17T20:40:58.7432116Z | /.well-known/appspecific/com.chrome.devtools.json GET | user: anonymous | durationMs: 0
2026-03-17T20:41:00.4157272Z | /.well-known/appspecific/com.chrome.devtools.json GET | user: anonymous | durationMs: 0
2026-03-17T20:41:08.3010779Z | /user/login POST | user: anonymous | durationMs: 16
2026-03-17T20:41:08.3718989Z | /.well-known/appspecific/com.chrome.devtools.json GET | user: anonymous | durationMs: 0
2026-03-17T20:41:08.3820017Z | /user GET | user: 9 | durationMs: 3
2026-03-17T20:41:47.9454356Z | /css/img/1.png GET | user: anonymous | durationMs: 1
2026-03-17T20:41:56.1168887Z | /user/login POST | user: anonymous | durationMs: 168
2026-03-17T20:41:56.3817080Z | /user GET | user: 9 | durationMs: 26
2026-03-17T20:41:58.4145315Z | /user GET | user: 9 | durationMs: 2
2026-03-17T20:45:41.9288589Z | /css/img/1.png GET | user: anonymous | durationMs: 1
2026-03-17T20:45:43.9111130Z | /css/img/1.png GET | user: anonymous | durationMs: 0
2026-03-17T20:45:53.7301433Z | /user/login POST | user: anonymous | durationMs: 123
2026-03-17T20:45:53.9573995Z | /user GET | user: 9 | durationMs: 10
2026-03-17T20:45:56.9492878Z | /user GET | user: 9 | durationMs: 4
2026-03-17T20:46:07.3418404Z | /user/3/icecreams GET | user: 9 | durationMs: 5
2026-03-17T20:46:09.7621791Z | /user/3 GET | user: 9 | durationMs: 4
2026-03-17T20:46:09.7683304Z | /user/3 GET | user: 9 | durationMs: 0
2026-03-17T20:46:13.7119922Z | /css/img/1.png GET | user: anonymous | durationMs: 0
2026-03-17T20:47:53.0460120Z | /css/img/1.png GET | user: anonymous | durationMs: 1
2026-03-17T20:47:57.9921235Z | /css/img/1.png GET | user: anonymous | durationMs: 0
2026-03-17T20:48:01.6423808Z | /css/img/1.png GET | user: anonymous | durationMs: 0
2026-03-17T21:32:36.7825777Z | /css/img/1.png GET | user: anonymous | durationMs: 1
2026-03-17T21:36:55.5210202Z | /user/register POST | user: anonymous | durationMs: 272
2026-03-17T21:36:55.8017382Z | /user/login POST | user: anonymous | durationMs: 81
2026-03-17T21:36:55.9786289Z | /user/39/icecreams GET | user: 39 | durationMs: 6
2026-03-17T21:37:05.2090505Z | /user/39/icecreams POST | user: 39 | durationMs: 7
2026-03-17T21:37:05.2200343Z | /user/39/icecreams GET | user: 39 | durationMs: 1
2026-03-17T21:37:08.0401686Z | /user/39/icecreams POST | user: 39 | durationMs: 2
2026-03-17T21:37:08.0475885Z | /user/39/icecreams GET | user: 39 | durationMs: 0
2026-03-17T21:37:17.0946268Z | /user/39/icecreams POST | user: 39 | durationMs: 1
2026-03-17T21:37:17.1070222Z | /user/39/icecreams GET | user: 39 | durationMs: 0
2026-03-17T21:37:25.2243139Z | /user/39/icecreams POST | user: 39 | durationMs: 1
2026-03-17T21:37:25.2325860Z | /user/39/icecreams GET | user: 39 | durationMs: 0
2026-03-17T21:37:28.7320222Z | /user/39/icecreams GET | user: 39 | durationMs: 0
2026-03-17T21:37:31.8283556Z | /user/39/icecreams/4 PUT | user: 39 | durationMs: 4
2026-03-17T21:37:31.8403282Z | /user/39/icecreams GET | user: 39 | durationMs: 0
2026-03-17T21:38:01.7070322Z | /user/39/icecreams POST | user: 39 | durationMs: 1
2026-03-17T21:38:01.7233412Z | /user/39/icecreams GET | user: 39 | durationMs: 0
2026-03-17T21:38:09.1214561Z | /user/39/icecreams POST | user: 39 | durationMs: 1
2026-03-17T21:38:09.1313485Z | /user/39/icecreams GET | user: 39 | durationMs: 0
2026-03-17T21:38:12.7034930Z | /user/39 GET | user: 39 | durationMs: 2
2026-03-17T21:38:12.7077545Z | /user/39 GET | user: 39 | durationMs: 0
2026-03-17T21:38:34.5112938Z | /user/39/changepassword POST | user: 39 | durationMs: 31
2026-03-17T21:38:42.9074995Z | /user/39 PUT | user: anonymous | durationMs: 6
2026-03-17T21:38:52.2663346Z | /css/img/1.png GET | user: anonymous | durationMs: 0
2026-03-17T21:38:55.6552079Z | /.well-known/appspecific/com.chrome.devtools.json GET | user: anonymous | durationMs: 0
2026-03-17T21:38:57.6504996Z | /.well-known/appspecific/com.chrome.devtools.json GET | user: anonymous | durationMs: 0
2026-03-17T21:39:12.3042364Z | /user/login POST | user: anonymous | durationMs: 17
2026-03-17T21:39:12.3874830Z | /.well-known/appspecific/com.chrome.devtools.json GET | user: anonymous | durationMs: 0
2026-03-17T21:39:12.4011259Z | /user/39/icecreams GET | user: 39 | durationMs: 0
2026-03-17T21:39:19.4425801Z | /.well-known/appspecific/com.chrome.devtools.json GET | user: anonymous | durationMs: 0
2026-03-17T21:39:19.4467689Z | /user/39 GET | user: 39 | durationMs: 0
2026-03-17T21:39:19.4497761Z | /user/39 GET | user: 39 | durationMs: 0
2026-03-17T21:40:59.7727462Z | /css/img/1.png GET | user: anonymous | durationMs: 3
2026-03-17T21:41:01.9306094Z | /.well-known/appspecific/com.chrome.devtools.json GET | user: anonymous | durationMs: 0
2026-03-17T21:41:03.7553022Z | /.well-known/appspecific/com.chrome.devtools.json GET | user: anonymous | durationMs: 0
2026-03-17T21:41:22.1341265Z | /user/login POST | user: anonymous | durationMs: 138
2026-03-17T21:41:22.3267201Z | /.well-known/appspecific/com.chrome.devtools.json GET | user: anonymous | durationMs: 0
2026-03-17T21:41:22.4116823Z | /user/39/icecreams GET | user: 39 | durationMs: 18
2026-03-17T21:41:25.7270988Z | /.well-known/appspecific/com.chrome.devtools.json GET | user: anonymous | durationMs: 0
2026-03-17T21:41:25.7356196Z | /user/39 GET | user: 39 | durationMs: 6
2026-03-17T21:41:25.7450707Z | /user/39 GET | user: 39 | durationMs: 1
2026-03-17T21:41:34.5982537Z | /css/img/1.png GET | user: anonymous | durationMs: 0
2026-03-17T21:41:34.6008183Z | /.well-known/appspecific/com.chrome.devtools.json GET | user: anonymous | durationMs: 0
2026-03-17T21:41:36.7792332Z | /.well-known/appspecific/com.chrome.devtools.json GET | user: anonymous | durationMs: 0
2026-03-17T21:41:51.8326944Z | /user/login POST | user: anonymous | durationMs: 12
2026-03-17T21:41:51.8835020Z | /.well-known/appspecific/com.chrome.devtools.json GET | user: anonymous | durationMs: 0
2026-03-17T21:41:51.8837769Z | /user/39/icecreams GET | user: 39 | durationMs: 1
2026-03-17T21:44:16.4278486Z | /css/img/1.png GET | user: anonymous | durationMs: 0
2026-03-17T21:44:20.9992784Z | /.well-known/appspecific/com.chrome.devtools.json GET | user: anonymous | durationMs: 0
2026-03-17T21:44:23.1880253Z | /.well-known/appspecific/com.chrome.devtools.json GET | user: anonymous | durationMs: 0
2026-03-17T21:44:40.2203609Z | /user/login POST | user: anonymous | durationMs: 132
2026-03-17T21:44:40.4051696Z | /.well-known/appspecific/com.chrome.devtools.json GET | user: anonymous | durationMs: 0
2026-03-17T21:44:40.4902476Z | /user/39/icecreams GET | user: 39 | durationMs: 10
2026-03-17T21:44:53.2940309Z | /.well-known/appspecific/com.chrome.devtools.json GET | user: anonymous | durationMs: 0
2026-03-17T21:44:53.2879569Z | /user/39 GET | user: 39 | durationMs: 11
2026-03-17T21:44:53.3016513Z | /user/39 GET | user: 39 | durationMs: 2
2026-03-17T21:45:51.9567316Z | /css/img/1.png GET | user: anonymous | durationMs: 1
2026-03-17T21:45:56.0815083Z | /css/img/1.png GET | user: anonymous | durationMs: 0
2026-03-17T21:46:07.2480821Z | /user/register POST | user: anonymous | durationMs: 249
2026-03-17T21:46:27.8946925Z | /user/register POST | user: anonymous | durationMs: 41
2026-03-17T21:46:27.9388318Z | /user/login POST | user: anonymous | durationMs: 76
2026-03-17T21:46:28.1184935Z | /user/40/icecreams GET | user: 40 | durationMs: 5
2026-03-17T21:46:32.9202916Z | /user/40/icecreams POST | user: 40 | durationMs: 6
2026-03-17T21:46:32.9352923Z | /user/40/icecreams GET | user: 40 | durationMs: 1
2026-03-17T21:46:35.0904775Z | /user/40 GET | user: 40 | durationMs: 3
2026-03-17T21:46:35.0961199Z | /user/40 GET | user: 40 | durationMs: 0
2026-03-17T21:47:33.3015450Z | /css/img/1.png GET | user: anonymous | durationMs: 1
2026-03-17T21:47:45.4983677Z | /user/login POST | user: anonymous | durationMs: 115
2026-03-17T21:47:45.7175088Z | /user/39/icecreams GET | user: 39 | durationMs: 10
2026-03-17T21:47:51.4297211Z | /user/39 GET | user: 39 | durationMs: 6
2026-03-17T21:47:51.4385239Z | /user/39 GET | user: 39 | durationMs: 1
2026-03-17T21:47:56.6199617Z | /user/39 GET | user: 39 | durationMs: 0
2026-03-17T21:47:56.6240526Z | /user/39 GET | user: 39 | durationMs: 0
2026-03-17T21:48:08.9008929Z | /user/39/icecreams GET | user: 39 | durationMs: 0
2026-03-17T21:48:14.4590567Z | /user/39 GET | user: 39 | durationMs: 0
2026-03-17T21:48:14.4646327Z | /user/39 GET | user: 39 | durationMs: 0
2026-03-17T21:52:18.0651222Z | /css/img/1.png GET | user: anonymous | durationMs: 2
2026-03-17T21:52:28.6272636Z | /user/login POST | user: anonymous | durationMs: 119
2026-03-17T21:52:28.8394915Z | /user/40/icecreams GET | user: 40 | durationMs: 16
2026-03-17T21:52:32.5125632Z | /user/40 GET | user: 40 | durationMs: 7
2026-03-17T21:52:32.5221916Z | /user/40 GET | user: 40 | durationMs: 1
2026-03-17T21:52:38.6043470Z | /user/40/icecreams GET | user: 40 | durationMs: 0
2026-03-17T21:52:40.4735478Z | /css/img/1.png GET | user: anonymous | durationMs: 0
2026-03-17T21:52:43.4835424Z | /.well-known/appspecific/com.chrome.devtools.json GET | user: anonymous | durationMs: 0
2026-03-17T21:52:45.1108436Z | /.well-known/appspecific/com.chrome.devtools.json GET | user: anonymous | durationMs: 0
2026-03-17T21:59:24.7299978Z | /css/img/1.png GET | user: anonymous | durationMs: 0
2026-03-17T22:08:39.4362039Z | /css/img/1.png GET | user: anonymous | durationMs: 1
2026-03-17T22:08:41.4438760Z | /css/style.css GET | user: anonymous | durationMs: 0
2026-03-17T22:08:49.2993378Z | /css/style.css GET | user: anonymous | durationMs: 0
2026-03-17T22:08:51.7021405Z | /css/style.css GET | user: anonymous | durationMs: 0
2026-03-17T22:22:41.3373980Z | /css/img/1.png GET | user: anonymous | durationMs: 1
2026-03-17T22:22:43.2406980Z | /css/style.css GET | user: anonymous | durationMs: 0
2026-03-17T22:22:46.8806810Z | /css/style.css GET | user: anonymous | durationMs: 0
2026-03-17T22:22:47.0332587Z | /css/style.css GET | user: anonymous | durationMs: 0
2026-03-17T22:22:48.1649899Z | /css/style.css GET | user: anonymous | durationMs: 0
2026-03-17T22:23:01.1187891Z | /user/register POST | user: anonymous | durationMs: 84
2026-03-17T22:23:01.2067564Z | /user/login POST | user: anonymous | durationMs: 76
2026-03-17T22:23:01.3828867Z | /user/41/icecreams GET | user: 41 | durationMs: 6
2026-03-17T22:23:04.0552925Z | /user/41 GET | user: 41 | durationMs: 5
2026-03-17T22:23:04.0625012Z | /user/41 GET | user: 41 | durationMs: 2
2026-03-17T22:23:07.7123018Z | /user/41/icecreams GET | user: 41 | durationMs: 0
2026-03-17T22:23:08.8876037Z | /css/img/1.png GET | user: anonymous | durationMs: 0
2026-03-17T22:23:24.1752850Z | /user/login POST | user: anonymous | durationMs: 12
2026-03-17T22:23:24.2312563Z | /user/40/icecreams GET | user: 40 | durationMs: 0
2026-03-17T22:23:31.2330957Z | /user/40 GET | user: 40 | durationMs: 0
2026-03-17T22:23:31.2371845Z | /user/40 GET | user: 40 | durationMs: 0
2026-03-17T22:23:36.4966764Z | /css/img/1.png GET | user: anonymous | durationMs: 0
2026-03-17T22:23:37.9894059Z | /css/style.css GET | user: anonymous | durationMs: 0
2026-03-17T22:26:44.8100333Z | /css/img/1.png GET | user: anonymous | durationMs: 1
2026-03-17T22:26:46.8983749Z | /css/style.css GET | user: anonymous | durationMs: 0
2026-03-17T22:26:49.9586883Z | /css/style.css GET | user: anonymous | durationMs: 0
2026-03-17T22:29:58.7744881Z | /css/img/1.png GET | user: anonymous | durationMs: 1
2026-03-17T22:30:00.5373696Z | /css/style.css GET | user: anonymous | durationMs: 0
2026-03-17T22:30:08.8455826Z | /css/img/1.png GET | user: anonymous | durationMs: 0
2026-03-17T22:30:12.6164482Z | /css/img/1.png GET | user: anonymous | durationMs: 0
2026-03-17T22:30:24.0835715Z | /css/img/1.png GET | user: anonymous | durationMs: 0
2026-03-17T22:30:26.5737870Z | /css/style.css GET | user: anonymous | durationMs: 0
2026-03-18T08:25:11.0328228Z | /css/img/1.png GET | user: anonymous | durationMs: 1
2026-03-18T08:25:11.0328189Z | /favicon.ico GET | user: anonymous | durationMs: 1
2026-03-18T08:25:19.0502400Z | /css/img/1.png GET | user: anonymous | durationMs: 0
2026-03-18T08:26:12.7267915Z | /css/img/1.png GET | user: anonymous | durationMs: 1
2026-03-18T08:26:24.1543056Z | /user/login POST | user: anonymous | durationMs: 169
2026-03-18T08:26:24.4338650Z | /user GET | user: 9 | durationMs: 28
2026-03-18T08:26:31.8777552Z | /user/3/icecreams GET | user: 9 | durationMs: 11
2026-03-18T08:26:33.0594128Z | /user/3 GET | user: 9 | durationMs: 4
2026-03-18T08:26:33.0655711Z | /user/3 GET | user: 9 | durationMs: 0
2026-03-18T08:26:39.5287665Z | /user GET | user: 9 | durationMs: 2
2026-03-18T08:26:43.5156760Z | /css/img/1.png GET | user: anonymous | durationMs: 0
2026-03-18T08:35:48.6680347Z | /css/img/1.png GET | user: anonymous | durationMs: 0
2026-03-18T08:55:06.5914448Z | /css/img/1.png GET | user: anonymous | durationMs: 1
2026-03-18T08:55:14.3669541Z | /user/login POST | user: anonymous | durationMs: 142
2026-03-18T08:55:14.6114591Z | /user GET | user: 9 | durationMs: 20
2026-03-18T08:55:20.4565997Z | /user/14/icecreams GET | user: 9 | durationMs: 6
2026-03-18T08:55:25.2888632Z | /user/14/icecreams GET | user: 9 | durationMs: 1
2026-03-18T08:55:44.4008562Z | /user/14/icecreams/2 PUT | user: 9 | durationMs: 45
2026-03-18T08:55:44.4488930Z | /user/14/icecreams GET | user: 9 | durationMs: 0
2026-03-18T08:55:59.4401792Z | /user/14/icecreams/2 DELETE | user: 9 | durationMs: 39
2026-03-18T08:55:59.4824142Z | /user/14/icecreams GET | user: 9 | durationMs: 0
2026-03-18T08:56:03.3834936Z | /user/14 GET | user: 9 | durationMs: 1
2026-03-18T08:56:03.3872153Z | /user/14 GET | user: 9 | durationMs: 0
2026-03-18T08:56:09.1771405Z | /user GET | user: 9 | durationMs: 3
2026-03-18T08:56:12.2788718Z | /css/img/1.png GET | user: anonymous | durationMs: 0
2026-03-18T08:56:16.7865822Z | /css/img/1.png GET | user: anonymous | durationMs: 0
2026-03-18T08:56:18.3405122Z | /css/style.css GET | user: anonymous | durationMs: 0
2026-03-18T08:57:09.3058610Z | /user/register POST | user: anonymous | durationMs: 58
2026-03-18T08:57:09.3675388Z | /user/login POST | user: anonymous | durationMs: 6
2026-03-18T08:57:09.4106986Z | /user/42/icecreams GET | user: 42 | durationMs: 0
2026-03-18T08:57:18.8888475Z | /user/42/icecreams POST | user: 42 | durationMs: 25
2026-03-18T08:57:18.9171067Z | /user/42/icecreams GET | user: 42 | durationMs: 0
2026-03-18T08:57:20.8677462Z | /user/42 GET | user: 42 | durationMs: 0
2026-03-18T08:57:20.8754876Z | /user/42 GET | user: 42 | durationMs: 0
2026-03-18T08:57:31.6970482Z | /user/42/changepassword POST | user: 42 | durationMs: 49
2026-03-18T08:57:40.1312274Z | /user/42/changepassword POST | user: 42 | durationMs: 6
2026-03-18T08:57:50.1534071Z | /user/42/changepassword POST | user: 42 | durationMs: 33
2026-03-18T09:01:34.9231134Z | /css/img/1.png GET | user: anonymous | durationMs: 0
2026-03-18T09:01:42.1209146Z | /user/login POST | user: anonymous | durationMs: 8
2026-03-18T09:01:42.1767288Z | /user GET | user: 9 | durationMs: 2
2026-03-18T09:01:44.0325968Z | /user/3/icecreams GET | user: 9 | durationMs: 0
2026-03-18T09:01:45.4153892Z | /user/3 GET | user: 9 | durationMs: 0
2026-03-18T09:01:45.4178646Z | /user/3 GET | user: 9 | durationMs: 0
2026-03-18T09:01:47.9946092Z | /css/img/1.png GET | user: anonymous | durationMs: 0
2026-03-18T11:16:37.1185915Z | /css/img/1.png GET | user: anonymous | durationMs: 0
2026-03-18T11:16:37.1522057Z | /favicon.ico GET | user: anonymous | durationMs: 0
2026-03-18T11:16:39.9962408Z | /css/style.css GET | user: anonymous | durationMs: 0
2026-03-18T11:16:44.1510441Z | /css/img/1.png GET | user: anonymous | durationMs: 0
2026-03-18T11:16:50.1646816Z | /css/img/1.png GET | user: anonymous | durationMs: 0
2026-03-18T11:16:51.5972115Z | /.well-known/appspecific/com.chrome.devtools.json GET | user: anonymous | durationMs: 0
2026-03-18T11:16:58.0459842Z | /css/style.css GET | user: anonymous | durationMs: 0
2026-03-18T11:16:58.0516776Z | /.well-known/appspecific/com.chrome.devtools.json GET | user: anonymous | durationMs: 0
2026-03-18T11:17:26.7731474Z | /user/register POST | user: anonymous | durationMs: 142
2026-03-18T11:17:26.9202552Z | /user/login POST | user: anonymous | durationMs: 153
2026-03-18T11:17:27.1231874Z | /.well-known/appspecific/com.chrome.devtools.json GET | user: anonymous | durationMs: 0
2026-03-18T11:17:27.1951874Z | /user/43/icecreams GET | user: 43 | durationMs: 6
2026-03-18T11:17:58.5418583Z | /.well-known/appspecific/com.chrome.devtools.json GET | user: anonymous | durationMs: 0
2026-03-18T11:17:58.5584555Z | /css/img/1.png GET | user: anonymous | durationMs: 0
2026-03-18T11:20:03.9823229Z | /css/img/1.png GET | user: anonymous | durationMs: 0
2026-03-18T11:20:08.1351265Z | /css/img/1.png GET | user: anonymous | durationMs: 0
2026-03-18T11:20:47.7197053Z | /css/img/1.png GET | user: anonymous | durationMs: 0
2026-03-18T11:21:04.9498586Z | /css/img/1.png GET | user: anonymous | durationMs: 0
2026-03-18T11:21:21.2365470Z | /css/img/1.png GET | user: anonymous | durationMs: 0
2026-03-18T11:21:46.9004033Z | /user/register POST | user: anonymous | durationMs: 129
2026-03-18T11:21:47.0325493Z | /user/login POST | user: anonymous | durationMs: 197
2026-03-18T11:21:47.3086933Z | /user/44/icecreams GET | user: 44 | durationMs: 7
2026-03-18T11:21:54.7303652Z | /user/44/icecreams POST | user: 44 | durationMs: 44
2026-03-18T11:21:54.7823154Z | /user/44/icecreams GET | user: 44 | durationMs: 1
2026-03-18T11:22:04.2974419Z | /user/44 GET | user: 44 | durationMs: 1
2026-03-18T11:22:04.3012658Z | /user/44 GET | user: 44 | durationMs: 0
2026-03-18T11:22:12.4155929Z | /user/44/changepassword POST | user: 44 | durationMs: 36
2026-03-18T11:22:16.6325579Z | /user/44/icecreams GET | user: 44 | durationMs: 0
2026-03-18T11:22:17.4659825Z | /css/img/1.png GET | user: anonymous | durationMs: 0
2026-03-18T11:29:52.1616330Z | /css/img/1.png GET | user: anonymous | durationMs: 0
2026-03-18T11:38:11.6382855Z | /user/register POST | user: anonymous | durationMs: 32
2026-03-18T11:38:11.6776244Z | /user/login POST | user: anonymous | durationMs: 11
2026-03-18T11:38:11.7263732Z | /user/45/icecreams GET | user: 45 | durationMs: 0
2026-03-18T11:38:46.8306158Z | /css/img/1.png GET | user: anonymous | durationMs: 0
2026-03-18T11:38:50.4671417Z | /css/img/1.png GET | user: anonymous | durationMs: 0
2026-03-18T11:39:11.2931593Z | /user/register POST | user: anonymous | durationMs: 28
2026-03-18T11:39:11.3262069Z | /user/login POST | user: anonymous | durationMs: 4
2026-03-18T11:39:11.3550044Z | /user/46/icecreams GET | user: 46 | durationMs: 0
2026-03-18T11:40:32.1691737Z | /css/img/1.png GET | user: anonymous | durationMs: 0
2026-03-18T11:40:35.6230836Z | /css/img/1.png GET | user: anonymous | durationMs: 0
2026-03-18T11:40:44.5336195Z | /user/login POST | user: anonymous | durationMs: 8
2026-03-18T11:40:44.5676480Z | /user GET | user: 9 | durationMs: 5
2026-03-18T11:40:54.3657773Z | /user/45/icecreams GET | user: 9 | durationMs: 0
2026-03-18T11:40:56.5328303Z | /user/45 GET | user: 9 | durationMs: 0
2026-03-18T11:40:56.5353069Z | /user/45 GET | user: 9 | durationMs: 0
2026-03-18T11:40:58.5855735Z | /user GET | user: 9 | durationMs: 5
2026-03-18T11:41:00.3408499Z | /css/img/1.png GET | user: anonymous | durationMs: 0
2026-03-18T11:42:09.8213919Z | /css/img/1.png GET | user: anonymous | durationMs: 0
2026-03-18T11:42:17.2787500Z | /user/login POST | user: anonymous | durationMs: 97
2026-03-18T11:42:17.4838589Z | /user GET | user: 9 | durationMs: 12
2026-03-18T11:42:19.9566123Z | /user/13/icecreams GET | user: 9 | durationMs: 4
2026-03-18T11:42:28.1552153Z | /user/13/icecreams POST | user: 9 | durationMs: 65
2026-03-18T11:42:28.2241762Z | /user/13/icecreams GET | user: 9 | durationMs: 0
2026-03-18T11:42:50.7490888Z | /user/13 GET | user: 9 | durationMs: 2
2026-03-18T11:42:50.7539881Z | /user/13 GET | user: 9 | durationMs: 0
2026-03-18T11:42:53.8078415Z | /user GET | user: 9 | durationMs: 1
2026-03-18T11:43:00.0967695Z | /user/39/icecreams GET | user: 9 | durationMs: 0
2026-03-18T11:43:43.7612833Z | /css/img/1.png GET | user: anonymous | durationMs: 0
2026-03-18T11:43:49.1351651Z | /user/login POST | user: anonymous | durationMs: 83
2026-03-18T11:43:49.2860742Z | /user GET | user: 9 | durationMs: 9
2026-03-18T11:43:51.9598259Z | /user/11/icecreams GET | user: 9 | durationMs: 11
2026-03-18T11:43:55.4760208Z | /user/11/icecreams POST | user: 9 | durationMs: 70
2026-03-18T11:43:55.5500831Z | /user/11/icecreams GET | user: 9 | durationMs: 0
2026-03-18T11:43:58.4311336Z | /user/11 GET | user: 9 | durationMs: 4
2026-03-18T11:43:58.4377646Z | /user/11 GET | user: 9 | durationMs: 0
2026-03-18T11:44:00.5720001Z | /user GET | user: 9 | durationMs: 1
2026-03-18T11:44:03.3402795Z | /user/14/icecreams GET | user: 9 | durationMs: 0
2026-03-18T11:44:05.7939644Z | /user/14/icecreams POST | user: 9 | durationMs: 28
2026-03-18T11:44:05.8267112Z | /user/14/icecreams GET | user: 9 | durationMs: 0
2026-03-18T11:44:07.2960931Z | /user/14 GET | user: 9 | durationMs: 0
2026-03-18T11:44:07.2983661Z | /user/14 GET | user: 9 | durationMs: 0
2026-03-18T11:44:09.3784278Z | /user GET | user: 9 | durationMs: 1
2026-03-18T11:44:15.1007904Z | /user GET | user: 9 | durationMs: 0
2026-03-18T11:44:20.0590736Z | /user/18/icecreams GET | user: 9 | durationMs: 0
2026-03-18T11:44:21.2891879Z | /user/18 GET | user: 9 | durationMs: 0
2026-03-18T11:44:21.2931237Z | /user/18 GET | user: 9 | durationMs: 0
2026-03-18T11:44:22.8510197Z | /user GET | user: 9 | durationMs: 0
2026-03-18T11:44:37.8656620Z | /user GET | user: 9 | durationMs: 0
2026-03-18T11:44:51.4771353Z | /user/3/icecreams GET | user: 9 | durationMs: 0
2026-03-18T11:44:53.4616651Z | /user/3 GET | user: 9 | durationMs: 0
2026-03-18T11:44:53.4638904Z | /user/3 GET | user: 9 | durationMs: 0
2026-03-18T11:44:55.4871840Z | /user GET | user: 9 | durationMs: 0
2026-03-18T11:46:49.0556690Z | /user/4/icecreams GET | user: 9 | durationMs: 0
2026-03-18T11:46:57.0315095Z | /css/img/1.png GET | user: anonymous | durationMs: 0
2026-03-18T11:47:38.0460336Z | /css/img/1.png GET | user: anonymous | durationMs: 0
2026-03-18T11:47:44.9924242Z | /user/login POST | user: anonymous | durationMs: 10
2026-03-18T11:47:45.0615044Z | /user GET | user: 9 | durationMs: 0
2026-03-18T11:47:47.9688127Z | /user/11/icecreams GET | user: 9 | durationMs: 0
2026-03-18T11:47:57.3126600Z | /user/11/icecreams POST | user: 9 | durationMs: 21
2026-03-18T11:47:57.3413679Z | /user/11/icecreams GET | user: 9 | durationMs: 0
2026-03-18T11:47:59.3379435Z | /user/11 GET | user: 9 | durationMs: 0
2026-03-18T11:47:59.3404249Z | /user/11 GET | user: 9 | durationMs: 0
2026-03-18T11:48:02.2621383Z | /user GET | user: 9 | durationMs: 0
2026-03-18T11:48:05.6509034Z | /css/img/1.png GET | user: anonymous | durationMs: 0
2026-03-18T11:48:16.0695665Z | /css/img/1.png GET | user: anonymous | durationMs: 0
2026-03-18T11:48:21.7281266Z | /user/login POST | user: anonymous | durationMs: 8
2026-03-18T11:48:21.7765412Z | /user GET | user: 9 | durationMs: 0
2026-03-18T11:48:24.8293750Z | /.well-known/appspecific/com.chrome.devtools.json GET | user: anonymous | durationMs: 0
2026-03-18T11:48:31.0930941Z | /user/45/icecreams GET | user: 9 | durationMs: 0
2026-03-18T11:48:33.5049030Z | /user/45/icecreams POST | user: 9 | durationMs: 18
2026-03-18T11:48:33.5273210Z | /user/45/icecreams GET | user: 9 | durationMs: 0
2026-03-18T11:48:34.6413578Z | /.well-known/appspecific/com.chrome.devtools.json GET | user: anonymous | durationMs: 0
2026-03-18T11:48:34.6547623Z | /user/45 GET | user: 9 | durationMs: 0
2026-03-18T11:48:34.6588239Z | /user/45 GET | user: 9 | durationMs: 0
2026-03-18T11:48:37.1738751Z | /.well-known/appspecific/com.chrome.devtools.json GET | user: anonymous | durationMs: 0
2026-03-18T11:48:37.1900418Z | /css/img/1.png GET | user: anonymous | durationMs: 0
2026-03-18T11:48:38.3494416Z | /.well-known/appspecific/com.chrome.devtools.json GET | user: anonymous | durationMs: 0
2026-03-18T11:48:43.1529811Z | /user/login POST | user: anonymous | durationMs: 9
2026-03-18T11:48:43.1898988Z | /.well-known/appspecific/com.chrome.devtools.json GET | user: anonymous | durationMs: 0
2026-03-18T11:48:43.2045742Z | /user/45/icecreams GET | user: 45 | durationMs: 0
2026-03-18T11:48:46.5445694Z | /.well-known/appspecific/com.chrome.devtools.json GET | user: anonymous | durationMs: 0
2026-03-18T11:48:46.5591868Z | /user/45 GET | user: 45 | durationMs: 0
2026-03-18T11:48:46.5613715Z | /user/45 GET | user: 45 | durationMs: 0
2026-03-18T11:48:48.4240446Z | /.well-known/appspecific/com.chrome.devtools.json GET | user: anonymous | durationMs: 0
2026-03-18T11:48:48.4397681Z | /user/45/icecreams GET | user: 45 | durationMs: 0
2026-03-18T11:49:11.3844581Z | /css/img/1.png GET | user: anonymous | durationMs: 0
2026-03-18T11:49:17.2896903Z | /user/login POST | user: anonymous | durationMs: 8
2026-03-18T11:49:17.3420582Z | /user GET | user: 9 | durationMs: 0
2026-03-18T11:49:19.2090806Z | /user/13/icecreams GET | user: 9 | durationMs: 0
2026-03-18T11:49:25.0962525Z | /user/13/icecreams POST | user: 9 | durationMs: 26
2026-03-18T11:49:25.1264612Z | /user/13/icecreams GET | user: 9 | durationMs: 0
2026-03-18T11:49:30.1238912Z | /css/img/1.png GET | user: anonymous | durationMs: 0
2026-03-18T11:49:42.0960217Z | /css/img/1.png GET | user: anonymous | durationMs: 0
2026-03-18T11:49:51.5298004Z | /user/login POST | user: anonymous | durationMs: 8
2026-03-18T11:49:51.5868546Z | /user GET | user: 9 | durationMs: 0
2026-03-18T11:49:53.9048271Z | /user/13/icecreams GET | user: 9 | durationMs: 0
2026-03-18T12:00:14.0464310Z | /css/img/1.png GET | user: anonymous | durationMs: 0
2026-03-18T12:04:21.3997785Z | /css/img/1.png GET | user: anonymous | durationMs: 0
2026-03-18T12:04:39.2925832Z | /css/img/1.png GET | user: anonymous | durationMs: 0
2026-03-18T12:04:54.5868636Z | /user/register POST | user: anonymous | durationMs: 91
2026-03-18T12:04:54.6818868Z | /user/login POST | user: anonymous | durationMs: 182
2026-03-18T12:04:54.9604691Z | /user/47/icecreams GET | user: 47 | durationMs: 17
2026-03-18T12:05:41.4345602Z | /css/img/1.png GET | user: anonymous | durationMs: 0
2026-03-18T12:07:04.4652185Z | /css/img/1.png GET | user: anonymous | durationMs: 0
2026-03-18T12:16:48.5286887Z | /css/img/1.png GET | user: anonymous | durationMs: 0
2026-03-18T12:17:06.5915015Z | /user/passwordused POST | user: anonymous | durationMs: 297
2026-03-18T12:17:06.5914982Z | /user/passwordused POST | user: anonymous | durationMs: 297
2026-03-18T12:17:06.7544706Z | /user/passwordused POST | user: anonymous | durationMs: 237
2026-03-18T12:17:06.7542649Z | /user/passwordused POST | user: anonymous | durationMs: 239
2026-03-18T12:17:13.2028956Z | /user/passwordused POST | user: anonymous | durationMs: 105
2026-03-18T12:17:13.3104412Z | /user/register POST | user: anonymous | durationMs: 208
2026-03-18T12:17:13.5237884Z | /user/login POST | user: anonymous | durationMs: 173
2026-03-18T12:17:13.7722992Z | /user/48/icecreams GET | user: 48 | durationMs: 6
2026-03-18T12:17:15.5170841Z | /user/48 GET | user: 48 | durationMs: 3
2026-03-18T12:17:15.5230556Z | /user/48 GET | user: 48 | durationMs: 1
2026-03-18T12:17:19.4730579Z | /css/img/1.png GET | user: anonymous | durationMs: 0
2026-03-18T12:17:33.5284472Z | /css/img/1.png GET | user: anonymous | durationMs: 0
2026-03-18T12:18:00.8656843Z | /user/passwordused POST | user: anonymous | durationMs: 245
2026-03-18T12:18:06.1707006Z | /user/passwordused POST | user: anonymous | durationMs: 100
2026-03-18T12:18:06.2745994Z | /user/register POST | user: anonymous | durationMs: 162
2026-03-18T12:18:06.4408277Z | /user/login POST | user: anonymous | durationMs: 3
2026-03-18T12:18:06.4791155Z | /user/49/icecreams GET | user: 49 | durationMs: 0
2026-03-18T12:18:09.5937186Z | /css/img/1.png GET | user: anonymous | durationMs: 0
2026-03-18T12:18:19.5141163Z | /user/passwordused POST | user: anonymous | durationMs: 110
2026-03-18T12:19:08.9515563Z | /css/img/1.png GET | user: anonymous | durationMs: 0
2026-03-18T12:19:11.9670899Z | /css/img/1.png GET | user: anonymous | durationMs: 0
2026-03-18T12:19:16.7431980Z | /user/login POST | user: anonymous | durationMs: 8
2026-03-18T12:19:16.7975748Z | /user GET | user: 9 | durationMs: 6
2026-03-18T12:19:30.6796969Z | /user/39/icecreams GET | user: 9 | durationMs: 1
2026-03-18T12:19:35.6047045Z | /user/39 GET | user: 9 | durationMs: 0
2026-03-18T12:19:35.6076299Z | /user/39 GET | user: 9 | durationMs: 0
2026-03-18T12:19:42.6193215Z | /user GET | user: 9 | durationMs: 2
2026-03-18T12:19:43.7915324Z | /css/img/1.png GET | user: anonymous | durationMs: 0
2026-03-18T12:22:22.5627943Z | /css/img/1.png GET | user: anonymous | durationMs: 0
2026-03-18T12:22:38.3055282Z | /css/img/1.png GET | user: anonymous | durationMs: 0
2026-03-18T12:25:22.4744453Z | /css/img/1.png GET | user: anonymous | durationMs: 0
2026-03-18T12:25:27.3604409Z | /css/img/1.png GET | user: anonymous | durationMs: 0
2026-03-18T12:30:05.3293081Z | /user/passwordused POST | user: anonymous | durationMs: 235
2026-03-18T12:30:05.3287984Z | /user/passwordused POST | user: anonymous | durationMs: 236
2026-03-18T12:30:10.3427005Z | /user/passwordused POST | user: anonymous | durationMs: 181
2026-03-18T12:30:10.5299321Z | /user/register POST | user: anonymous | durationMs: 219
2026-03-18T12:30:10.7548461Z | /user/login POST | user: anonymous | durationMs: 212
2026-03-18T12:30:11.0403353Z | /user/50/icecreams GET | user: 50 | durationMs: 6
2026-03-18T12:30:14.5205335Z | /user/50/icecreams POST | user: 50 | durationMs: 46
2026-03-18T12:30:14.5727108Z | /user/50/icecreams GET | user: 50 | durationMs: 1
2026-03-18T12:30:15.6917545Z | /user/50 GET | user: 50 | durationMs: 2
2026-03-18T12:30:15.6961376Z | /user/50 GET | user: 50 | durationMs: 0
2026-03-18T12:30:20.5731498Z | /user/50/changepassword POST | user: 50 | durationMs: 14
2026-03-18T12:30:24.5399805Z | /css/img/1.png GET | user: anonymous | durationMs: 0
2026-03-18T12:30:52.4196833Z | /user/login POST | user: anonymous | durationMs: 12
2026-03-18T12:30:52.4615542Z | /user GET | user: 9 | durationMs: 10
2026-03-18T12:31:03.1456485Z | /css/img/1.png GET | user: anonymous | durationMs: 0
2026-03-18T12:34:15.5146072Z | /css/img/1.png GET | user: anonymous | durationMs: 0
2026-03-18T12:34:18.0321446Z | /css/img/1.png GET | user: anonymous | durationMs: 0
2026-03-18T12:34:22.6236026Z | /css/img/1.png GET | user: anonymous | durationMs: 0
2026-03-18T12:36:09.2498392Z | /css/img/1.png GET | user: anonymous | durationMs: 1
2026-03-18T12:36:13.1559473Z | /css/img/1.png GET | user: anonymous | durationMs: 0
2026-03-18T18:09:50.6853991Z | /css/img/1.png GET | user: anonymous | durationMs: 1
2026-03-18T18:17:13.1235252Z | /css/img/1.png GET | user: anonymous | durationMs: 1
2026-03-18T18:17:23.0070021Z | /css/img/1.png GET | user: anonymous | durationMs: 0
2026-03-18T18:17:38.8045121Z | /user/login POST | user: anonymous | durationMs: 147
2026-03-18T18:17:39.1339397Z | /hubs/notify/negotiate POST | user: 9 | durationMs: 5
2026-03-18T18:17:39.1339383Z | /user GET | user: 9 | durationMs: 11
2026-03-18T18:18:01.1788164Z | /user/register POST | user: anonymous | durationMs: 481
2026-03-18T18:18:01.6636736Z | /user/login POST | user: anonymous | durationMs: 15
2026-03-18T18:18:01.8180518Z | /hubs/notify/negotiate POST | user: 51 | durationMs: 0
2026-03-18T18:18:01.8141075Z | /user/51/icecreams GET | user: 51 | durationMs: 7
2026-03-18T18:17:39.1442522Z | /hubs/notify CONNECT | user: 9 | durationMs: 29183
2026-03-18T18:18:08.3711929Z | /hubs/notify/negotiate POST | user: 9 | durationMs: 0
2026-03-18T18:18:08.3629703Z | /user GET | user: 9 | durationMs: 11
2026-03-18T18:20:36.8879730Z | /hubs/notify/negotiate POST | user: 9 | durationMs: 0
2026-03-18T18:20:36.8879479Z | /hubs/notify/negotiate POST | user: 51 | durationMs: 0
2026-03-18T18:18:01.8319386Z | /hubs/notify CONNECT | user: 51 | durationMs: 155057
2026-03-18T18:18:08.3770293Z | /hubs/notify CONNECT | user: 9 | durationMs: 148512
2026-03-18T18:20:59.3837573Z | /css/img/1.png GET | user: anonymous | durationMs: 1
2026-03-18T18:20:59.9233527Z | /hubs/notify/negotiate POST | user: 51 | durationMs: 3
2026-03-18T18:21:00.7058688Z | /hubs/notify/negotiate POST | user: 9 | durationMs: 0
2026-03-18T18:21:06.8486739Z | /css/img/1.png GET | user: anonymous | durationMs: 0
2026-03-18T18:20:59.9319693Z | /hubs/notify CONNECT | user: 51 | durationMs: 8940
2026-03-18T18:21:25.7602697Z | /user/login POST | user: anonymous | durationMs: 72
2026-03-18T18:21:25.9176336Z | /hubs/notify/negotiate POST | user: 9 | durationMs: 0
2026-03-18T18:21:25.9176336Z | /user GET | user: 9 | durationMs: 18
2026-03-18T18:21:51.8294184Z | /user/passwordused POST | user: anonymous | durationMs: 474
2026-03-18T18:21:58.4163771Z | /user/passwordused POST | user: anonymous | durationMs: 454
2026-03-18T18:21:58.8736930Z | /user/register POST | user: anonymous | durationMs: 460
2026-03-18T18:21:59.3374511Z | /user/login POST | user: anonymous | durationMs: 10
2026-03-18T18:21:59.4083011Z | /hubs/notify/negotiate POST | user: 52 | durationMs: 0
2026-03-18T18:21:59.4065836Z | /user/52/icecreams GET | user: 52 | durationMs: 7
2026-03-18T18:22:14.3728846Z | /user/47/icecreams GET | user: 9 | durationMs: 1
2026-03-18T18:21:25.9275935Z | /hubs/notify CONNECT | user: 9 | durationMs: 61829
2026-03-18T18:22:33.0811838Z | /user/login POST | user: anonymous | durationMs: 13
2026-03-18T18:22:33.1598398Z | /hubs/notify/negotiate POST | user: 9 | durationMs: 0
2026-03-18T18:22:33.1582699Z | /user GET | user: 9 | durationMs: 4
2026-03-18T18:22:33.1888521Z | /hubs/notify CONNECT | user: 9 | durationMs: 217780
2026-03-18T18:21:59.4139121Z | /hubs/notify CONNECT | user: 52 | durationMs: 251555
2026-03-18T18:21:00.7106861Z | /hubs/notify CONNECT | user: 9 | durationMs: 310258
2026-03-18T18:26:10.9756232Z | /hubs/notify/negotiate POST | user: 52 | durationMs: 0
2026-03-18T18:26:10.9775674Z | /hubs/notify/negotiate POST | user: 9 | durationMs: 0
2026-03-18T18:26:10.9795954Z | /hubs/notify/negotiate POST | user: 9 | durationMs: 0
2026-03-18T18:26:33.0075183Z | /css/img/1.png GET | user: anonymous | durationMs: 1
2026-03-18T18:26:34.4887822Z | /hubs/notify/negotiate POST | user: 9 | durationMs: 2
2026-03-18T18:26:35.7021296Z | /hubs/notify/negotiate POST | user: 52 | durationMs: 0
2026-03-18T18:26:35.7029267Z | /hubs/notify/negotiate POST | user: 9 | durationMs: 0
2026-03-18T18:26:53.3338443Z | /user/passwordused POST | user: anonymous | durationMs: 497
2026-03-18T18:26:53.2746488Z | /user/passwordused POST | user: anonymous | durationMs: 556
2026-03-18T18:27:00.7029618Z | /user/passwordused POST | user: anonymous | durationMs: 475
2026-03-18T18:27:01.1807133Z | /user/register POST | user: anonymous | durationMs: 461
2026-03-18T18:27:01.6442762Z | /user/login POST | user: anonymous | durationMs: 18
2026-03-18T18:27:01.7257465Z | /hubs/notify/negotiate POST | user: 53 | durationMs: 0
2026-03-18T18:27:01.7244290Z | /user/53/icecreams GET | user: 53 | durationMs: 16
2026-03-18T18:27:01.7390237Z | /hubs/notify CONNECT | user: 53 | durationMs: 19849
2026-03-18T18:27:21.6231240Z | /css/img/1.png GET | user: anonymous | durationMs: 0
2026-03-18T18:26:34.4974466Z | /hubs/notify CONNECT | user: 9 | durationMs: 58256
2026-03-18T18:27:32.7689602Z | /index.htm GET | user: anonymous | durationMs: 0
2026-03-18T18:27:56.9881509Z | /css/img/1.png GET | user: anonymous | durationMs: 0
2026-03-18T18:28:05.6440279Z | /user/login POST | user: anonymous | durationMs: 12
2026-03-18T18:28:05.7294917Z | /hubs/notify/negotiate POST | user: 9 | durationMs: 0
2026-03-18T18:28:05.7246019Z | /user GET | user: 9 | durationMs: 21
2026-03-18T18:28:26.7861686Z | /user/passwordused POST | user: anonymous | durationMs: 455
2026-03-18T18:28:33.4925747Z | /user/passwordused POST | user: anonymous | durationMs: 448
2026-03-18T18:28:33.9431090Z | /user/register POST | user: anonymous | durationMs: 438
2026-03-18T18:28:34.3842133Z | /user/login POST | user: anonymous | durationMs: 12
2026-03-18T18:28:34.4615912Z | /hubs/notify/negotiate POST | user: 54 | durationMs: 0
2026-03-18T18:28:34.4616865Z | /user/54/icecreams GET | user: 54 | durationMs: 5
2026-03-18T18:31:59.6763214Z | /css/img/1.png GET | user: anonymous | durationMs: 1
2026-03-18T18:32:04.2622471Z | /hubs/notify/negotiate POST | user: 9 | durationMs: 3
2026-03-18T18:32:05.7066486Z | /hubs/notify/negotiate POST | user: 52 | durationMs: 0
2026-03-18T18:32:05.7074257Z | /hubs/notify/negotiate POST | user: 9 | durationMs: 0
2026-03-18T18:32:05.7093562Z | /hubs/notify/negotiate POST | user: 54 | durationMs: 0
2026-03-18T18:32:22.6382081Z | /user/passwordused POST | user: anonymous | durationMs: 595
2026-03-18T18:32:22.6727914Z | /user/passwordused POST | user: anonymous | durationMs: 560
2026-03-18T18:32:29.2058842Z | /user/passwordused POST | user: anonymous | durationMs: 477
2026-03-18T18:32:29.6861389Z | /user/register POST | user: anonymous | durationMs: 485
2026-03-18T18:32:30.1740576Z | /user/login POST | user: anonymous | durationMs: 18
2026-03-18T18:32:30.2832865Z | /hubs/notify/negotiate POST | user: 55 | durationMs: 0
2026-03-18T18:32:30.2816141Z | /user/55/icecreams GET | user: 55 | durationMs: 9
2026-03-18T18:35:09.3590400Z | /css/img/1.png GET | user: anonymous | durationMs: 1
2026-03-18T18:35:14.1407380Z | /hubs/notify/negotiate POST | user: 9 | durationMs: 3
2026-03-18T18:35:14.7035037Z | /hubs/notify/negotiate POST | user: 52 | durationMs: 0
2026-03-18T18:35:14.7040769Z | /hubs/notify/negotiate POST | user: 55 | durationMs: 0
2026-03-18T18:35:15.7207791Z | /hubs/notify/negotiate POST | user: 9 | durationMs: 0
2026-03-18T18:35:15.7208675Z | /hubs/notify/negotiate POST | user: 54 | durationMs: 0
2026-03-18T18:35:30.9431803Z | /user/passwordused POST | user: anonymous | durationMs: 583
2026-03-18T18:35:31.0275358Z | /user/passwordused POST | user: anonymous | durationMs: 529
2026-03-18T18:35:45.1962904Z | /user/passwordused POST | user: anonymous | durationMs: 460
2026-03-18T18:35:45.6592994Z | /user/register POST | user: anonymous | durationMs: 493
2026-03-18T18:35:46.1550683Z | /user/login POST | user: anonymous | durationMs: 18
2026-03-18T18:35:46.2724856Z | /hubs/notify/negotiate POST | user: 56 | durationMs: 0
2026-03-18T18:35:46.2710762Z | /user/56/icecreams GET | user: 56 | durationMs: 11
2026-03-18T18:35:46.2801539Z | /hubs/notify CONNECT | user: 56 | durationMs: 11804
2026-03-18T18:35:58.1170335Z | /css/img/1.png GET | user: anonymous | durationMs: 0
2026-03-18T18:36:07.0179429Z | /user/passwordused POST | user: anonymous | durationMs: 496
2026-03-18T18:36:07.0295576Z | /user/passwordused POST | user: anonymous | durationMs: 525
2026-03-18T18:36:07.0803236Z | /user/passwordused POST | user: anonymous | durationMs: 511
2026-03-18T18:36:12.6337015Z | /user/passwordused POST | user: anonymous | durationMs: 492
2026-03-18T18:36:13.1285780Z | /user/register POST | user: anonymous | durationMs: 471
2026-03-18T18:36:13.6036576Z | /user/login POST | user: anonymous | durationMs: 11
2026-03-18T18:36:13.6623784Z | /hubs/notify/negotiate POST | user: 57 | durationMs: 0
2026-03-18T18:36:13.6629043Z | /user/57/icecreams GET | user: 57 | durationMs: 3
2026-03-18T18:40:47.1714530Z | /css/img/1.png GET | user: anonymous | durationMs: 1
2026-03-18T18:40:48.7164051Z | /hubs/notify/negotiate POST | user: 9 | durationMs: 3
2026-03-18T18:40:49.6963767Z | /hubs/notify/negotiate POST | user: 9 | durationMs: 0
2026-03-18T18:40:49.7006591Z | /hubs/notify/negotiate POST | user: 55 | durationMs: 0
2026-03-18T18:40:49.7006591Z | /hubs/notify/negotiate POST | user: 54 | durationMs: 0
2026-03-18T18:40:49.7006779Z | /hubs/notify/negotiate POST | user: 52 | durationMs: 0
2026-03-18T18:40:49.7053485Z | /hubs/notify/negotiate POST | user: 57 | durationMs: 0
2026-03-18T18:41:05.3841301Z | /user/passwordused POST | user: anonymous | durationMs: 606
2026-03-18T18:41:05.8020897Z | /user/passwordused POST | user: anonymous | durationMs: 554
2026-03-18T18:41:05.8842962Z | /user/passwordused POST | user: anonymous | durationMs: 549
2026-03-18T18:41:13.7388581Z | /user/passwordused POST | user: anonymous | durationMs: 515
2026-03-18T18:41:14.2569870Z | /user/register POST | user: anonymous | durationMs: 497
2026-03-18T18:41:14.7568111Z | /user/login POST | user: anonymous | durationMs: 18
2026-03-18T18:41:14.9061562Z | /hubs/notify/negotiate POST | user: 58 | durationMs: 0
2026-03-18T18:41:14.9077679Z | /user/58/icecreams GET | user: 58 | durationMs: 12
2026-03-18T18:47:57.3204006Z | /hubs/notify/negotiate POST | user: 9 | durationMs: 5
2026-03-18T18:47:57.7108868Z | /hubs/notify/negotiate POST | user: 54 | durationMs: 0
2026-03-18T18:47:57.7108868Z | /hubs/notify/negotiate POST | user: 52 | durationMs: 0
2026-03-18T18:47:57.7108993Z | /hubs/notify/negotiate POST | user: 55 | durationMs: 0
2026-03-18T18:47:57.7108473Z | /hubs/notify/negotiate POST | user: 9 | durationMs: 0
2026-03-18T18:47:57.7109070Z | /hubs/notify/negotiate POST | user: 57 | durationMs: 0
2026-03-18T18:47:57.7108589Z | /hubs/notify/negotiate POST | user: 58 | durationMs: 0
2026-03-18T18:48:05.9295654Z | /css/img/1.png GET | user: anonymous | durationMs: 0
2026-03-18T18:48:32.6463182Z | /user/passwordused POST | user: anonymous | durationMs: 655
2026-03-18T18:48:32.7415355Z | /user/passwordused POST | user: anonymous | durationMs: 611
2026-03-18T18:48:39.6470157Z | /user/passwordused POST | user: anonymous | durationMs: 531
2026-03-18T18:48:40.1817362Z | /user/register POST | user: anonymous | durationMs: 535
2026-03-18T18:48:40.7210793Z | /user/login POST | user: anonymous | durationMs: 20
2026-03-18T18:48:40.8372545Z | /hubs/notify/negotiate POST | user: 59 | durationMs: 0
2026-03-18T18:48:40.8358895Z | /user/59/icecreams GET | user: 59 | durationMs: 13
2026-03-18T18:47:57.3367978Z | /hubs/notify CONNECT | user: 9 | durationMs: 47131
2026-03-18T18:48:44.5163449Z | /hubs/notify/negotiate POST | user: 9 | durationMs: 0
2026-03-18T18:48:44.5148774Z | /user GET | user: 9 | durationMs: 20
2026-03-18T18:48:52.8599616Z | /user/59/icecreams GET | user: 9 | durationMs: 1
2026-03-18T18:48:44.5424316Z | /hubs/notify CONNECT | user: 9 | durationMs: 10407
2026-03-18T18:48:55.0031998Z | /hubs/notify/negotiate POST | user: 9 | durationMs: 0
2026-03-18T18:48:55.0027026Z | /user/59 GET | user: 9 | durationMs: 5
2026-03-18T18:48:55.0133923Z | /user/59 GET | user: 9 | durationMs: 0
2026-03-18T18:48:55.0095208Z | /user GET | user: 9 | durationMs: 7
2026-03-18T18:48:59.4884738Z | /user/59 DELETE | user: 9 | durationMs: 4
2026-03-18T18:48:59.5154975Z | /user GET | user: 9 | durationMs: 0
2026-03-18T18:49:04.8049452Z | /user/59/icecreams POST | user: 59 | durationMs: 18
2026-03-18T18:49:05.5265681Z | /user/59/icecreams POST | user: 59 | durationMs: 0
2026-03-18T18:49:05.8478623Z | /user/59/icecreams POST | user: 59 | durationMs: 0
2026-03-18T18:49:05.9803816Z | /user/59/icecreams POST | user: 59 | durationMs: 0
2026-03-18T18:49:06.1512738Z | /user/59/icecreams POST | user: 59 | durationMs: 0
2026-03-18T18:49:06.3911240Z | /user/59/icecreams POST | user: 59 | durationMs: 0
2026-03-18T18:48:40.8436687Z | /hubs/notify CONNECT | user: 59 | durationMs: 26853
2026-03-18T18:49:07.7485827Z | /user/59 GET | user: 59 | durationMs: 0
2026-03-18T18:49:07.7499939Z | /hubs/notify/negotiate POST | user: 59 | durationMs: 0
2026-03-18T18:49:07.7520801Z | /user/59 GET | user: 59 | durationMs: 0
2026-03-18T18:49:07.7556110Z | /user/59 GET | user: 59 | durationMs: 0
2026-03-18T18:49:09.6208556Z | /hubs/notify CONNECT | user: 59 | durationMs: 4825
2026-03-18T18:59:43.1058146Z | /css/img/1.png GET | user: anonymous | durationMs: 1
2026-03-18T18:59:44.8291242Z | /hubs/notify/negotiate POST | user: 9 | durationMs: 3
2026-03-18T18:59:44.8291246Z | /hubs/notify/negotiate POST | user: 58 | durationMs: 3
2026-03-18T18:59:44.8291830Z | /hubs/notify/negotiate POST | user: 54 | durationMs: 3
2026-03-18T18:59:44.8291648Z | /hubs/notify/negotiate POST | user: 55 | durationMs: 3
2026-03-18T18:59:44.8291899Z | /hubs/notify/negotiate POST | user: 52 | durationMs: 3
2026-03-18T18:59:44.8291740Z | /hubs/notify/negotiate POST | user: 57 | durationMs: 3
2026-03-18T18:59:44.8291432Z | /hubs/notify/negotiate POST | user: 9 | durationMs: 3
2026-03-18T19:00:45.4873837Z | /user/passwordused POST | user: anonymous | durationMs: 568
2026-03-18T19:01:14.4447310Z | /user/passwordused POST | user: anonymous | durationMs: 524
2026-03-18T19:01:15.4816572Z | /user/59 GET | user: 9 | durationMs: 6
2026-03-18T19:01:14.9720537Z | /user/register POST | user: anonymous | durationMs: 520
2026-03-18T19:01:15.4948640Z | /user/login POST | user: anonymous | durationMs: 19
2026-03-18T19:01:15.5780416Z | /hubs/notify/negotiate POST | user: 59 | durationMs: 0
2026-03-18T19:01:15.5738893Z | /user/59/icecreams GET | user: 59 | durationMs: 6
2026-03-18T19:01:15.5845741Z | /hubs/notify CONNECT | user: 59 | durationMs: 6935
2026-03-18T19:01:22.5580677Z | /css/img/1.png GET | user: anonymous | durationMs: 0
2026-03-18T19:02:04.6767572Z | /css/img/1.png GET | user: anonymous | durationMs: 3
2026-03-18T19:02:11.8721742Z | /hubs/notify/negotiate POST | user: 9 | durationMs: 5
2026-03-18T19:02:11.8722940Z | /hubs/notify/negotiate POST | user: 52 | durationMs: 5
2026-03-18T19:02:11.8722988Z | /hubs/notify/negotiate POST | user: 57 | durationMs: 5
2026-03-18T19:02:11.8724037Z | /hubs/notify/negotiate POST | user: 54 | durationMs: 5
2026-03-18T19:02:11.8723068Z | /hubs/notify/negotiate POST | user: 9 | durationMs: 5
2026-03-18T19:02:11.8723141Z | /hubs/notify/negotiate POST | user: 55 | durationMs: 5
2026-03-18T19:02:11.8723201Z | /hubs/notify/negotiate POST | user: 58 | durationMs: 5
2026-03-18T19:02:19.2039445Z | /user/login POST | user: anonymous | durationMs: 95
2026-03-18T19:02:19.3550956Z | /hubs/notify/negotiate POST | user: 59 | durationMs: 0
2026-03-18T19:02:19.3528877Z | /user GET | user: 59 | durationMs: 36
2026-03-18T19:02:28.1338756Z | /user/9/icecreams GET | user: 59 | durationMs: 6
2026-03-18T19:02:19.3692058Z | /hubs/notify CONNECT | user: 59 | durationMs: 10526
2026-03-18T19:02:29.9382594Z | /hubs/notify/negotiate POST | user: 59 | durationMs: 0
2026-03-18T19:02:29.9413773Z | /user GET | user: 59 | durationMs: 2
2026-03-18T19:02:29.9353968Z | /user/9 GET | user: 59 | durationMs: 8
2026-03-18T19:02:29.9480186Z | /user/9 GET | user: 59 | durationMs: 0
2026-03-18T19:02:36.5466023Z | /user/9 DELETE | user: 59 | durationMs: 26
2026-03-18T19:02:36.5783905Z | /user GET | user: 59 | durationMs: 0
2026-03-18T19:02:57.8804360Z | /user/5 DELETE | user: 59 | durationMs: 1
2026-03-18T19:02:57.8965415Z | /user GET | user: 59 | durationMs: 0
2026-03-18T19:03:01.0954440Z | /user/6 DELETE | user: 59 | durationMs: 1
2026-03-18T19:03:01.1040477Z | /user GET | user: 59 | durationMs: 0
2026-03-18T19:03:03.8804365Z | /user/10 DELETE | user: 59 | durationMs: 1
2026-03-18T19:03:03.8882855Z | /user GET | user: 59 | durationMs: 0
2026-03-18T19:03:07.8912979Z | /user/12 DELETE | user: 59 | durationMs: 1
2026-03-18T19:03:07.9004073Z | /user GET | user: 59 | durationMs: 0
2026-03-18T19:03:10.5949438Z | /user/13 DELETE | user: 59 | durationMs: 1
2026-03-18T19:03:10.6047228Z | /user GET | user: 59 | durationMs: 0
2026-03-18T19:03:15.1680093Z | /user/15 DELETE | user: 59 | durationMs: 2
2026-03-18T19:03:15.1820441Z | /user GET | user: 59 | durationMs: 0
2026-03-18T19:03:18.0540154Z | /user/16 DELETE | user: 59 | durationMs: 1
2026-03-18T19:03:18.0618159Z | /user GET | user: 59 | durationMs: 0
2026-03-18T19:03:21.4069476Z | /user/17 DELETE | user: 59 | durationMs: 1
2026-03-18T19:03:21.4195675Z | /user GET | user: 59 | durationMs: 0
2026-03-18T19:03:24.0199374Z | /user/18 DELETE | user: 59 | durationMs: 1
2026-03-18T19:03:24.0335529Z | /user GET | user: 59 | durationMs: 0
2026-03-18T19:03:28.7035992Z | /user/20 DELETE | user: 59 | durationMs: 1
2026-03-18T19:03:28.7120621Z | /user GET | user: 59 | durationMs: 0
2026-03-18T19:03:31.4984461Z | /user/21 DELETE | user: 59 | durationMs: 1
2026-03-18T19:03:31.5096541Z | /user GET | user: 59 | durationMs: 0
2026-03-18T19:03:34.0115708Z | /user/22 DELETE | user: 59 | durationMs: 1
2026-03-18T19:03:34.0194959Z | /user GET | user: 59 | durationMs: 0
2026-03-18T19:03:37.7190246Z | /user/23 DELETE | user: 59 | durationMs: 1
2026-03-18T19:03:37.7285074Z | /user GET | user: 59 | durationMs: 0
2026-03-18T19:03:40.8465062Z | /user/24 DELETE | user: 59 | durationMs: 1
2026-03-18T19:03:40.8547341Z | /user GET | user: 59 | durationMs: 0
2026-03-18T19:03:43.0672367Z | /user/25 DELETE | user: 59 | durationMs: 2
2026-03-18T19:03:43.0756582Z | /user GET | user: 59 | durationMs: 0
2026-03-18T19:03:45.2491844Z | /user/26 DELETE | user: 59 | durationMs: 1
2026-03-18T19:03:45.2587097Z | /user GET | user: 59 | durationMs: 0
2026-03-18T19:03:48.1543447Z | /user/27 DELETE | user: 59 | durationMs: 1
2026-03-18T19:03:48.1642984Z | /user GET | user: 59 | durationMs: 0
2026-03-18T19:03:50.6167084Z | /user/28 DELETE | user: 59 | durationMs: 1
2026-03-18T19:03:50.6249940Z | /user GET | user: 59 | durationMs: 0
2026-03-18T19:03:52.7883988Z | /user/29 DELETE | user: 59 | durationMs: 1
2026-03-18T19:03:52.7986856Z | /user GET | user: 59 | durationMs: 0
2026-03-18T19:03:55.0703942Z | /user/30 DELETE | user: 59 | durationMs: 1
2026-03-18T19:03:55.0782886Z | /user GET | user: 59 | durationMs: 0
2026-03-18T19:03:57.2815608Z | /user/31 DELETE | user: 59 | durationMs: 1
2026-03-18T19:03:57.2893942Z | /user GET | user: 59 | durationMs: 0
2026-03-18T19:03:59.4336640Z | /user/32 DELETE | user: 59 | durationMs: 1
2026-03-18T19:03:59.4410778Z | /user GET | user: 59 | durationMs: 0
2026-03-18T19:04:01.7145505Z | /user/33 DELETE | user: 59 | durationMs: 1
2026-03-18T19:04:01.7210128Z | /user GET | user: 59 | durationMs: 0
2026-03-18T19:04:04.1176568Z | /user/34 DELETE | user: 59 | durationMs: 1
2026-03-18T19:04:04.1266833Z | /user GET | user: 59 | durationMs: 0
2026-03-18T19:04:06.4801717Z | /user/35 DELETE | user: 59 | durationMs: 0
2026-03-18T19:04:06.4873972Z | /user GET | user: 59 | durationMs: 0
2026-03-18T19:04:08.8210468Z | /user/36 DELETE | user: 59 | durationMs: 1
2026-03-18T19:04:08.8628921Z | /user GET | user: 59 | durationMs: 1
2026-03-18T19:04:11.0127064Z | /user/37 DELETE | user: 59 | durationMs: 2
2026-03-18T19:04:11.0201510Z | /user GET | user: 59 | durationMs: 0
2026-03-18T19:04:13.5467553Z | /user/38 DELETE | user: 59 | durationMs: 1
2026-03-18T19:04:13.5553456Z | /user GET | user: 59 | durationMs: 0
2026-03-18T19:04:16.9730624Z | /user/40 DELETE | user: 59 | durationMs: 1
2026-03-18T19:04:16.9811314Z | /user GET | user: 59 | durationMs: 0
2026-03-18T19:04:20.7249190Z | /user/41 DELETE | user: 59 | durationMs: 1
2026-03-18T19:04:20.7326339Z | /user GET | user: 59 | durationMs: 0
2026-03-18T19:04:23.7206524Z | /user/42 DELETE | user: 59 | durationMs: 0
2026-03-18T19:04:23.7266132Z | /user GET | user: 59 | durationMs: 0
2026-03-18T19:04:26.3958691Z | /user/43 DELETE | user: 59 | durationMs: 1
2026-03-18T19:04:26.4038515Z | /user GET | user: 59 | durationMs: 0
2026-03-18T19:04:28.7875504Z | /user/44 DELETE | user: 59 | durationMs: 1
2026-03-18T19:04:28.7950601Z | /user GET | user: 59 | durationMs: 0
2026-03-18T19:04:31.2599452Z | /user/45 DELETE | user: 59 | durationMs: 1
2026-03-18T19:04:31.2670899Z | /user GET | user: 59 | durationMs: 0
2026-03-18T19:04:33.6828842Z | /user/46 DELETE | user: 59 | durationMs: 0
2026-03-18T19:04:33.6888624Z | /user GET | user: 59 | durationMs: 0
2026-03-18T19:04:35.9045959Z | /user/47 DELETE | user: 59 | durationMs: 1
2026-03-18T19:04:35.9137541Z | /user GET | user: 59 | durationMs: 0
2026-03-18T19:04:38.1359868Z | /user/48 DELETE | user: 59 | durationMs: 0
2026-03-18T19:04:38.1418502Z | /user GET | user: 59 | durationMs: 0
2026-03-18T19:04:40.2774451Z | /user/49 DELETE | user: 59 | durationMs: 1
2026-03-18T19:04:40.2850459Z | /user GET | user: 59 | durationMs: 0
2026-03-18T19:04:42.6991702Z | /user/50 DELETE | user: 59 | durationMs: 1
2026-03-18T19:04:42.7052088Z | /user GET | user: 59 | durationMs: 0
2026-03-18T19:04:45.0420699Z | /user/51 DELETE | user: 59 | durationMs: 0
2026-03-18T19:04:45.0499151Z | /user GET | user: 59 | durationMs: 0
2026-03-18T19:04:47.1729937Z | /user/52 DELETE | user: 59 | durationMs: 1
2026-03-18T19:04:47.1792413Z | /user GET | user: 59 | durationMs: 0
2026-03-18T19:04:49.6354758Z | /user/53 DELETE | user: 59 | durationMs: 1
2026-03-18T19:04:49.6441938Z | /user GET | user: 59 | durationMs: 0
2026-03-18T19:04:52.4302031Z | /user/54 DELETE | user: 59 | durationMs: 0
2026-03-18T19:04:52.4364974Z | /user GET | user: 59 | durationMs: 0
2026-03-18T19:04:56.5014079Z | /user/55 DELETE | user: 59 | durationMs: 1
2026-03-18T19:04:56.5073719Z | /user GET | user: 59 | durationMs: 0
2026-03-18T19:04:59.2643851Z | /user/56 DELETE | user: 59 | durationMs: 0
2026-03-18T19:04:59.2712521Z | /user GET | user: 59 | durationMs: 0
2026-03-18T19:05:02.2002254Z | /user/57 DELETE | user: 59 | durationMs: 1
2026-03-18T19:05:02.2071135Z | /user GET | user: 59 | durationMs: 0
2026-03-18T19:05:04.6939637Z | /user/58 DELETE | user: 59 | durationMs: 1
2026-03-18T19:05:04.6991569Z | /user GET | user: 59 | durationMs: 0
2026-03-18T19:02:29.9518896Z | /hubs/notify CONNECT | user: 59 | durationMs: 166502
2026-03-18T19:05:16.4997844Z | /user GET | user: 59 | durationMs: 0
2026-03-18T19:05:16.5016430Z | /hubs/notify/negotiate POST | user: 59 | durationMs: 0
2026-03-18T19:05:28.6058840Z | /user/4/icecreams GET | user: 59 | durationMs: 0
2026-03-18T19:05:32.7583089Z | /user/4/icecreams POST | user: 59 | durationMs: 24
2026-03-18T19:05:32.7853136Z | /user/4/icecreams GET | user: 59 | durationMs: 0
2026-03-18T19:05:16.5110109Z | /hubs/notify CONNECT | user: 59 | durationMs: 22388
2026-03-18T19:05:38.9356056Z | /css/img/1.png GET | user: anonymous | durationMs: 0
2026-03-18T19:05:54.4393505Z | /user/login POST | user: anonymous | durationMs: 17
2026-03-18T19:05:54.5006932Z | /hubs/notify/negotiate POST | user: 59 | durationMs: 0
2026-03-18T19:05:54.5016405Z | /user GET | user: 59 | durationMs: 0
2026-03-18T19:06:00.3930903Z | /user/3/icecreams GET | user: 59 | durationMs: 0
2026-03-18T19:06:04.0823525Z | /user/3/icecreams POST | user: 59 | durationMs: 1
2026-03-18T19:06:04.0925280Z | /user/3/icecreams GET | user: 59 | durationMs: 0
2026-03-18T19:05:54.5136012Z | /hubs/notify CONNECT | user: 59 | durationMs: 10954
2026-03-18T19:06:05.5094143Z | /hubs/notify/negotiate POST | user: 59 | durationMs: 0
2026-03-18T19:06:05.5096324Z | /user/3 GET | user: 59 | durationMs: 0
2026-03-18T19:06:05.5176046Z | /user GET | user: 59 | durationMs: 0
2026-03-18T19:06:05.5176046Z | /user/3 GET | user: 59 | durationMs: 0
2026-03-18T19:06:07.8812157Z | /user GET | user: 59 | durationMs: 0
2026-03-18T19:06:05.5218363Z | /hubs/notify CONNECT | user: 59 | durationMs: 16788
2026-03-18T19:06:22.3491327Z | /css/img/1.png GET | user: anonymous | durationMs: 0
2026-03-18T19:06:45.5401090Z | /user/passwordused POST | user: anonymous | durationMs: 97
2026-03-18T19:07:26.2987460Z | /user/passwordused POST | user: anonymous | durationMs: 61
2026-03-18T19:07:26.3642159Z | /user/register POST | user: anonymous | durationMs: 71
2026-03-18T19:07:26.4384976Z | /user/60 GET | user: 9 | durationMs: 0
2026-03-18T19:07:26.4384150Z | /user/login POST | user: anonymous | durationMs: 13
2026-03-18T19:07:26.5048103Z | /user/60/icecreams GET | user: 60 | durationMs: 0
2026-03-18T19:07:26.5060512Z | /hubs/notify/negotiate POST | user: 60 | durationMs: 0
2026-03-18T19:07:34.1784472Z | /user/60/icecreams POST | user: 60 | durationMs: 2
2026-03-18T19:07:34.1911349Z | /user/60/icecreams GET | user: 60 | durationMs: 0
2026-03-18T19:07:40.9731796Z | /user/60/icecreams POST | user: 60 | durationMs: 1
2026-03-18T19:07:40.9814001Z | /user/60/icecreams GET | user: 60 | durationMs: 0
2026-03-18T19:07:45.1943061Z | /user/60/icecreams POST | user: 60 | durationMs: 1
2026-03-18T19:07:45.2029120Z | /user/60/icecreams GET | user: 60 | durationMs: 0
2026-03-18T19:07:26.5109141Z | /hubs/notify CONNECT | user: 60 | durationMs: 31779
2026-03-18T19:07:58.3471617Z | /user/60 GET | user: 60 | durationMs: 0
2026-03-18T19:07:58.3509583Z | /hubs/notify/negotiate POST | user: 60 | durationMs: 0
2026-03-18T19:07:58.3509584Z | /user/60 GET | user: 60 | durationMs: 0
2026-03-18T19:07:58.3557909Z | /user/60 GET | user: 60 | durationMs: 0
2026-03-18T19:07:58.3587552Z | /hubs/notify CONNECT | user: 60 | durationMs: 1941
2026-03-18T19:08:00.3465585Z | /hubs/notify/negotiate POST | user: 60 | durationMs: 0
2026-03-18T19:08:00.3466609Z | /user/60/icecreams GET | user: 60 | durationMs: 0
2026-03-18T19:08:00.3531586Z | /hubs/notify CONNECT | user: 60 | durationMs: 5683
2026-03-18T19:08:06.0771538Z | /hubs/notify/negotiate POST | user: 60 | durationMs: 0
2026-03-18T19:08:06.0785642Z | /user/60 GET | user: 60 | durationMs: 0
2026-03-18T19:08:06.0841652Z | /user/60 GET | user: 60 | durationMs: 0
2026-03-18T19:08:06.0861741Z | /user/60 GET | user: 60 | durationMs: 0
2026-03-18T19:08:06.0885328Z | /hubs/notify CONNECT | user: 60 | durationMs: 84828
2026-03-18T19:09:30.9608575Z | /css/img/1.png GET | user: anonymous | durationMs: 0
2026-03-18T19:09:34.9204263Z | /css/img/1.png GET | user: anonymous | durationMs: 0
2026-03-18T19:09:48.2442448Z | /user/login POST | user: anonymous | durationMs: 10
2026-03-18T19:09:48.3076446Z | /hubs/notify/negotiate POST | user: 59 | durationMs: 0
2026-03-18T19:09:48.3071790Z | /user GET | user: 59 | durationMs: 0
2026-03-18T19:09:53.6502830Z | /user/59/icecreams GET | user: 59 | durationMs: 0
2026-03-18T19:10:05.5991971Z | /user/59/icecreams POST | user: 59 | durationMs: 1
2026-03-18T19:10:05.6083780Z | /user/59/icecreams GET | user: 59 | durationMs: 0
2026-03-18T19:10:10.3931108Z | /user/59/icecreams/1 DELETE | user: 59 | durationMs: 3
2026-03-18T19:10:10.4001144Z | /user/59/icecreams GET | user: 59 | durationMs: 0
2026-03-18T19:09:48.3157054Z | /hubs/notify CONNECT | user: 59 | durationMs: 36428
2026-03-18T19:10:24.7921173Z | /user/59 GET | user: 59 | durationMs: 0
2026-03-18T19:10:24.7940154Z | /hubs/notify/negotiate POST | user: 59 | durationMs: 0
2026-03-18T19:10:24.7974759Z | /user/59 GET | user: 59 | durationMs: 0
2026-03-18T19:10:24.7974759Z | /user GET | user: 59 | durationMs: 0
2026-03-18T19:10:24.8010559Z | /hubs/notify CONNECT | user: 59 | durationMs: 2477
2026-03-18T19:10:27.3234129Z | /hubs/notify/negotiate POST | user: 59 | durationMs: 0
2026-03-18T19:10:27.3239260Z | /user GET | user: 59 | durationMs: 0
2026-03-18T19:10:27.3324895Z | /hubs/notify CONNECT | user: 59 | durationMs: 9836
2026-03-18T19:10:37.2039800Z | /css/img/1.png GET | user: anonymous | durationMs: 0
2026-03-18T19:10:39.0146440Z | /.well-known/appspecific/com.chrome.devtools.json GET | user: anonymous | durationMs: 0
2026-03-18T19:10:41.3198794Z | /.well-known/appspecific/com.chrome.devtools.json GET | user: anonymous | durationMs: 0
2026-03-18T19:10:52.4968982Z | /user/login POST | user: anonymous | durationMs: 15
2026-03-18T19:10:52.5789618Z | /.well-known/appspecific/com.chrome.devtools.json GET | user: anonymous | durationMs: 0
2026-03-18T19:10:52.6336676Z | /user GET | user: 59 | durationMs: 0
2026-03-18T19:10:52.6408637Z | /hubs/notify/negotiate POST | user: 59 | durationMs: 1
2026-03-18T19:11:05.0907291Z | /user/4/icecreams GET | user: 59 | durationMs: 0
2026-03-18T19:12:35.1642931Z | /hubs/notify/negotiate POST | user: 59 | durationMs: 6
2026-03-18T19:12:37.8207539Z | /css/img/1.png GET | user: anonymous | durationMs: 0
2026-03-18T19:12:43.7054969Z | /hubs/notify/negotiate POST | user: 52 | durationMs: 1
2026-03-18T19:12:43.7101002Z | /hubs/notify/negotiate POST | user: 54 | durationMs: 0
2026-03-18T19:12:43.7103490Z | /hubs/notify/negotiate POST | user: 58 | durationMs: 0
2026-03-18T19:12:43.7104436Z | /hubs/notify/negotiate POST | user: 9 | durationMs: 0
2026-03-18T19:12:43.7113656Z | /hubs/notify/negotiate POST | user: 57 | durationMs: 0
2026-03-18T19:12:43.7209813Z | /hubs/notify/negotiate POST | user: 55 | durationMs: 0
2026-03-18T19:12:43.7409264Z | /hubs/notify/negotiate POST | user: 9 | durationMs: 0
2026-03-18T19:12:49.4453540Z | /user/login POST | user: anonymous | durationMs: 73
2026-03-18T19:12:49.5786142Z | /hubs/notify/negotiate POST | user: 59 | durationMs: 0
2026-03-18T19:12:49.5735911Z | /user GET | user: 59 | durationMs: 23
2026-03-18T19:12:52.5242431Z | /user/39/icecreams GET | user: 59 | durationMs: 6
2026-03-18T19:12:49.5891891Z | /hubs/notify CONNECT | user: 59 | durationMs: 16641
2026-03-18T19:13:06.2768225Z | /hubs/notify/negotiate POST | user: 59 | durationMs: 0
2026-03-18T19:13:06.2791534Z | /user GET | user: 59 | durationMs: 1
2026-03-18T19:13:06.2756511Z | /user/39 GET | user: 59 | durationMs: 11
2026-03-18T19:13:06.2894588Z | /user/39 GET | user: 59 | durationMs: 0
2026-03-18T19:13:06.2849132Z | /hubs/notify CONNECT | user: 59 | durationMs: 3101
2026-03-18T19:13:41.2923850Z | /hubs/notify/negotiate POST | user: 55 | durationMs: 10
2026-03-18T19:13:41.2923684Z | /hubs/notify/negotiate POST | user: 59 | durationMs: 10
2026-03-18T19:13:41.2923276Z | /hubs/notify/negotiate POST | user: 52 | durationMs: 10
2026-03-18T19:13:41.2923516Z | /hubs/notify/negotiate POST | user: 54 | durationMs: 10
2026-03-18T19:13:41.2923733Z | /hubs/notify/negotiate POST | user: 9 | durationMs: 10
2026-03-18T19:13:41.2923449Z | /hubs/notify/negotiate POST | user: 58 | durationMs: 10
2026-03-18T19:13:41.2923172Z | /hubs/notify/negotiate POST | user: 57 | durationMs: 10
2026-03-18T19:13:41.2923193Z | /hubs/notify/negotiate POST | user: 9 | durationMs: 10
2026-03-18T19:13:46.1152955Z | /css/img/1.png GET | user: anonymous | durationMs: 0
2026-03-18T19:13:58.0287668Z | /user/login POST | user: anonymous | durationMs: 70
2026-03-18T19:13:58.1519556Z | /hubs/notify/negotiate POST | user: 59 | durationMs: 0
2026-03-18T19:13:58.1503295Z | /user GET | user: 59 | durationMs: 22
2026-03-18T19:14:01.1133440Z | /user/60/icecreams GET | user: 59 | durationMs: 6
2026-03-18T19:13:58.1610956Z | /hubs/notify CONNECT | user: 59 | durationMs: 10340
2026-03-18T19:14:08.5460290Z | /hubs/notify/negotiate POST | user: 59 | durationMs: 0
2026-03-18T19:14:08.5483549Z | /user GET | user: 59 | durationMs: 0
2026-03-18T19:14:08.5432200Z | /user/60 GET | user: 59 | durationMs: 8
2026-03-18T19:14:08.5554422Z | /user/60 GET | user: 59 | durationMs: 0
2026-03-18T19:14:11.7121027Z | /user GET | user: 59 | durationMs: 0
2026-03-18T19:14:08.5526683Z | /hubs/notify CONNECT | user: 59 | durationMs: 7666
2026-03-18T19:14:16.2528955Z | /hubs/notify/negotiate POST | user: 59 | durationMs: 0
2026-03-18T19:14:16.2528955Z | /user GET | user: 59 | durationMs: 0
2026-03-18T19:14:21.6267661Z | /.well-known/appspecific/com.chrome.devtools.json GET | user: anonymous | durationMs: 0
2026-03-18T19:14:23.4959876Z | /user/60/icecreams GET | user: 59 | durationMs: 0
2026-03-18T19:14:16.2602975Z | /hubs/notify CONNECT | user: 59 | durationMs: 12967
2026-03-18T19:14:29.2835913Z | /.well-known/appspecific/com.chrome.devtools.json GET | user: anonymous | durationMs: 0
2026-03-18T19:14:29.3145054Z | /user/60 GET | user: 59 | durationMs: 0
2026-03-18T19:14:29.3183622Z | /hubs/notify/negotiate POST | user: 59 | durationMs: 0
2026-03-18T19:14:29.3247552Z | /user GET | user: 59 | durationMs: 0
2026-03-18T19:14:29.3253942Z | /user/60 GET | user: 59 | durationMs: 2
2026-03-18T19:14:29.3298009Z | /hubs/notify CONNECT | user: 59 | durationMs: 2747
2026-03-18T19:14:32.1578150Z | /user GET | user: 59 | durationMs: 0
2026-03-18T19:14:32.1591048Z | /hubs/notify/negotiate POST | user: 59 | durationMs: 0
2026-03-18T19:14:32.1734036Z | /.well-known/appspecific/com.chrome.devtools.json GET | user: anonymous | durationMs: 0
2026-03-18T19:14:37.0534948Z | /user/60/icecreams GET | user: 59 | durationMs: 0
2026-03-18T19:14:32.1720397Z | /hubs/notify CONNECT | user: 59 | durationMs: 7113
2026-03-18T19:14:39.3506030Z | /user/60 GET | user: 59 | durationMs: 0
2026-03-18T19:14:39.3598097Z | /user GET | user: 59 | durationMs: 0
2026-03-18T19:14:39.3619043Z | /user/60 GET | user: 59 | durationMs: 0
2026-03-18T19:14:39.3668568Z | /.well-known/appspecific/com.chrome.devtools.json GET | user: anonymous | durationMs: 0
2026-03-18T19:14:39.3603413Z | /hubs/notify/negotiate POST | user: 59 | durationMs: 6
2026-03-18T19:15:24.6100168Z | /hubs/notify/negotiate POST | user: 57 | durationMs: 7
2026-03-18T19:15:24.6100257Z | /hubs/notify/negotiate POST | user: 9 | durationMs: 7
2026-03-18T19:15:24.6100097Z | /hubs/notify/negotiate POST | user: 58 | durationMs: 7
2026-03-18T19:15:24.6099954Z | /hubs/notify/negotiate POST | user: 54 | durationMs: 7
2026-03-18T19:15:24.6100296Z | /hubs/notify/negotiate POST | user: 59 | durationMs: 7
2026-03-18T19:15:24.6100032Z | /hubs/notify/negotiate POST | user: 59 | durationMs: 7
2026-03-18T19:15:24.6099970Z | /hubs/notify/negotiate POST | user: 55 | durationMs: 7
2026-03-18T19:15:31.0719434Z | /css/img/1.png GET | user: anonymous | durationMs: 0
2026-03-18T19:15:34.7017994Z | /hubs/notify/negotiate POST | user: 52 | durationMs: 0
2026-03-18T19:15:34.7061004Z | /hubs/notify/negotiate POST | user: 9 | durationMs: 0
2026-03-18T19:15:41.9463828Z | /user/login POST | user: anonymous | durationMs: 75
2026-03-18T19:15:42.0777521Z | /hubs/notify/negotiate POST | user: 59 | durationMs: 0
2026-03-18T19:15:42.0755558Z | /user GET | user: 59 | durationMs: 25
2026-03-18T19:15:45.4154704Z | /user/59/icecreams GET | user: 59 | durationMs: 5
2026-03-18T19:15:42.0885613Z | /hubs/notify CONNECT | user: 59 | durationMs: 6035
2026-03-18T19:15:48.1594587Z | /css/img/1.png GET | user: anonymous | durationMs: 0
2026-03-18T19:17:04.5568935Z | /hubs/notify/negotiate POST | user: 55 | durationMs: 5
2026-03-18T19:17:04.5568943Z | /hubs/notify/negotiate POST | user: 59 | durationMs: 5
2026-03-18T19:17:08.0155753Z | /css/img/1.png GET | user: anonymous | durationMs: 0
2026-03-18T19:17:13.7099268Z | /hubs/notify/negotiate POST | user: 54 | durationMs: 0
2026-03-18T19:17:13.7126913Z | /hubs/notify/negotiate POST | user: 59 | durationMs: 0
2026-03-18T19:17:13.7130792Z | /hubs/notify/negotiate POST | user: 52 | durationMs: 0
2026-03-18T19:17:13.7127185Z | /hubs/notify/negotiate POST | user: 58 | durationMs: 0
2026-03-18T19:17:13.7201782Z | /hubs/notify/negotiate POST | user: 9 | durationMs: 0
2026-03-18T19:17:13.7201402Z | /hubs/notify/negotiate POST | user: 57 | durationMs: 0
2026-03-18T19:17:13.7318035Z | /hubs/notify/negotiate POST | user: 9 | durationMs: 0
2026-03-18T19:17:20.2065514Z | /user/login POST | user: anonymous | durationMs: 70
2026-03-18T19:17:20.3690052Z | /hubs/notify/negotiate POST | user: 59 | durationMs: 0
2026-03-18T19:17:20.3678205Z | /user GET | user: 59 | durationMs: 21
2026-03-18T19:17:20.3756435Z | /hubs/notify CONNECT | user: 59 | durationMs: 2857
2026-03-18T19:17:23.2719215Z | /hubs/notify/negotiate POST | user: 59 | durationMs: 0
2026-03-18T19:17:23.2719214Z | /user GET | user: 59 | durationMs: 4
2026-03-18T19:17:27.1832200Z | /user/59/icecreams GET | user: 59 | durationMs: 5
2026-03-18T19:17:23.2764795Z | /hubs/notify CONNECT | user: 59 | durationMs: 5563
2026-03-18T19:17:28.8834644Z | /hubs/notify/negotiate POST | user: 59 | durationMs: 0
2026-03-18T19:17:28.8835690Z | /user GET | user: 59 | durationMs: 0
2026-03-18T19:17:28.8919867Z | /hubs/notify CONNECT | user: 59 | durationMs: 3640
2026-03-18T19:17:32.5767781Z | /hubs/notify/negotiate POST | user: 59 | durationMs: 0
2026-03-18T19:17:32.5770221Z | /user GET | user: 59 | durationMs: 0
2026-03-18T19:17:32.5865509Z | /hubs/notify CONNECT | user: 59 | durationMs: 138
2026-03-18T19:17:32.7663787Z | /hubs/notify/negotiate POST | user: 59 | durationMs: 0
2026-03-18T19:17:32.7663971Z | /user GET | user: 59 | durationMs: 0
2026-03-18T19:17:32.7759947Z | /hubs/notify CONNECT | user: 59 | durationMs: 169
2026-03-18T19:17:32.9776470Z | /hubs/notify/negotiate POST | user: 59 | durationMs: 0
2026-03-18T19:17:32.9777310Z | /user GET | user: 59 | durationMs: 0
2026-03-18T19:17:32.9859617Z | /hubs/notify CONNECT | user: 59 | durationMs: 148
2026-03-18T19:17:33.1834251Z | /hubs/notify/negotiate POST | user: 59 | durationMs: 0
2026-03-18T19:17:33.1839432Z | /user GET | user: 59 | durationMs: 0
2026-03-19T09:58:19.6385034Z | /css/img/1.png GET | user: anonymous | durationMs: 1
2026-03-19T09:58:23.5707759Z | /css/img/1.png GET | user: anonymous | durationMs: 0
2026-03-19T09:58:29.4084580Z | /css/img/1.png GET | user: anonymous | durationMs: 0
2026-03-19T09:58:39.7823768Z | /css/img/1.png GET | user: anonymous | durationMs: 0
2026-03-19T09:58:43.4546300Z | /css/img/1.png GET | user: anonymous | durationMs: 0
2026-03-19T09:58:54.8159444Z | /user/login POST | user: anonymous | durationMs: 168
2026-03-19T09:58:55.1295376Z | /hubs/notify/negotiate POST | user: 59 | durationMs: 3
2026-03-19T09:58:55.1295650Z | /user GET | user: 59 | durationMs: 12
2026-03-19T09:59:03.3652005Z | /user/passwordused POST | user: anonymous | durationMs: 105
2026-03-19T09:59:03.8850206Z | /user/passwordused POST | user: anonymous | durationMs: 74
2026-03-19T09:59:03.9548558Z | /user/passwordused POST | user: anonymous | durationMs: 95
2026-03-19T09:59:04.0459397Z | /user/passwordused POST | user: anonymous | durationMs: 86
2026-03-19T09:59:04.1392953Z | /user/passwordused POST | user: anonymous | durationMs: 84
2026-03-19T09:59:04.3006353Z | /user/passwordused POST | user: anonymous | durationMs: 99
2026-03-19T09:59:04.3693699Z | /user/passwordused POST | user: anonymous | durationMs: 82
2026-03-19T09:59:09.8209920Z | /user/passwordused POST | user: anonymous | durationMs: 83
2026-03-19T09:59:10.0135369Z | /user/61 GET | user: 59 | durationMs: 4
2026-03-19T09:59:09.9073922Z | /user/register POST | user: anonymous | durationMs: 121
2026-03-19T09:59:10.0317807Z | /user/login POST | user: anonymous | durationMs: 12
2026-03-19T09:59:10.1056743Z | /hubs/notify/negotiate POST | user: 61 | durationMs: 0
2026-03-19T09:59:10.1035887Z | /user/61/icecreams GET | user: 61 | durationMs: 9
2026-03-19T09:59:10.1157620Z | /hubs/notify CONNECT | user: 61 | durationMs: 58230
2026-03-19T10:00:08.3846838Z | /hubs/notify/negotiate POST | user: 61 | durationMs: 0
2026-03-19T10:00:08.3859492Z | /user/61/icecreams GET | user: 61 | durationMs: 0
2026-03-19T10:00:08.3905298Z | /hubs/notify CONNECT | user: 61 | durationMs: 2016
2026-03-19T10:00:10.4509199Z | /css/img/1.png GET | user: anonymous | durationMs: 0
2026-03-19T10:00:23.0787713Z | /user/login POST | user: anonymous | durationMs: 14
2026-03-19T10:00:23.1427466Z | /hubs/notify/negotiate POST | user: 59 | durationMs: 0
2026-03-19T10:00:23.1429243Z | /user GET | user: 59 | durationMs: 0
2026-03-19T10:06:46.4861410Z | /css/img/1.png GET | user: anonymous | durationMs: 1
2026-03-19T10:06:53.5579463Z | /hubs/notify/negotiate POST | user: 59 | durationMs: 3
2026-03-19T10:06:53.5579362Z | /hubs/notify/negotiate POST | user: 59 | durationMs: 3
2026-03-19T10:06:57.8254077Z | /css/img/1.png GET | user: anonymous | durationMs: 0
2026-03-19T10:07:11.1826489Z | /user/login POST | user: anonymous | durationMs: 71
2026-03-19T10:07:11.3346037Z | /hubs/notify/negotiate POST | user: 59 | durationMs: 0
2026-03-19T10:07:11.3333617Z | /user GET | user: 59 | durationMs: 14
2026-03-19T10:07:16.3515148Z | /user/passwordused POST | user: anonymous | durationMs: 147
2026-03-19T10:07:16.7009043Z | /user/passwordused POST | user: anonymous | durationMs: 120
2026-03-19T10:07:16.6838069Z | /user/passwordused POST | user: anonymous | durationMs: 137
2026-03-19T10:07:16.7396790Z | /user/passwordused POST | user: anonymous | durationMs: 93
2026-03-19T10:07:16.8365631Z | /user/passwordused POST | user: anonymous | durationMs: 78
2026-03-19T10:07:22.4608597Z | /user/passwordused POST | user: anonymous | durationMs: 96
2026-03-19T10:07:22.6788709Z | /user/62 GET | user: 59 | durationMs: 5
2026-03-19T10:07:22.6788714Z | /user/62 GET | user: 59 | durationMs: 5
2026-03-19T10:07:22.6868607Z | /user/62 GET | user: 59 | durationMs: 1
2026-03-19T10:07:22.5594179Z | /user/register POST | user: anonymous | durationMs: 138
2026-03-19T10:07:22.7016833Z | /user/login POST | user: anonymous | durationMs: 11
2026-03-19T10:07:22.7742120Z | /hubs/notify/negotiate POST | user: 62 | durationMs: 0
2026-03-19T10:07:22.7689738Z | /user/62/icecreams GET | user: 62 | durationMs: 7
2026-03-19T10:07:38.8915034Z | /user/62/icecreams POST | user: 62 | durationMs: 11
2026-03-19T10:07:38.9070503Z | /user/62/icecreams GET | user: 62 | durationMs: 0
2026-03-19T10:06:53.5716421Z | /hubs/notify CONNECT | user: 59 | durationMs: 458977
2026-03-19T10:07:11.3519215Z | /hubs/notify CONNECT | user: 59 | durationMs: 441196
2026-03-19T10:06:53.5716332Z | /hubs/notify CONNECT | user: 59 | durationMs: 458978
2026-03-19T10:07:22.7856099Z | /hubs/notify CONNECT | user: 62 | durationMs: 429765
2026-03-19T10:33:29.0458505Z | /hubs/notify/negotiate POST | user: 59 | durationMs: 0
2026-03-19T10:33:29.0456985Z | /hubs/notify/negotiate POST | user: 59 | durationMs: 0
2026-03-19T10:33:29.1787634Z | /hubs/notify/negotiate POST | user: 59 | durationMs: 0
2026-03-19T10:33:29.1795860Z | /hubs/notify/negotiate POST | user: 62 | durationMs: 0
2026-03-19T10:37:10.6937271Z | /css/img/1.png GET | user: anonymous | durationMs: 2
2026-03-19T10:37:10.8666162Z | /hubs/notify/negotiate POST | user: 59 | durationMs: 4
2026-03-19T10:37:10.8666709Z | /hubs/notify/negotiate POST | user: 59 | durationMs: 4
2026-03-19T10:37:10.8666439Z | /hubs/notify/negotiate POST | user: 59 | durationMs: 4
2026-03-19T10:37:10.8666163Z | /hubs/notify/negotiate POST | user: 62 | durationMs: 4
2026-03-19T10:37:15.0277059Z | /css/img/1.png GET | user: anonymous | durationMs: 0
2026-03-19T10:37:25.6697016Z | /css/img/1.png GET | user: anonymous | durationMs: 0
2026-03-19T10:37:31.3894361Z | /css/img/1.png GET | user: anonymous | durationMs: 0
2026-03-19T10:37:47.5030139Z | /user/login POST | user: anonymous | durationMs: 75
2026-03-19T10:37:47.6707142Z | /hubs/notify/negotiate POST | user: 59 | durationMs: 0
2026-03-19T10:37:47.6671413Z | /user GET | user: 59 | durationMs: 18
2026-03-19T10:37:57.5142754Z | /user/passwordused POST | user: anonymous | durationMs: 172
2026-03-19T10:37:57.5674944Z | /user/passwordused POST | user: anonymous | durationMs: 122
2026-03-19T10:37:57.6525123Z | /user/passwordused POST | user: anonymous | durationMs: 99
2026-03-19T10:37:57.7661843Z | /user/passwordused POST | user: anonymous | durationMs: 114
2026-03-19T10:38:04.6237344Z | /user/passwordused POST | user: anonymous | durationMs: 104
2026-03-19T10:38:04.9173545Z | /user/63 GET | user: 59 | durationMs: 12
2026-03-19T10:38:04.9173545Z | /user/63 GET | user: 62 | durationMs: 16
2026-03-19T10:38:04.9335407Z | /user/63 GET | user: 59 | durationMs: 5
2026-03-19T10:38:04.9434715Z | /user/63 GET | user: 59 | durationMs: 0
2026-03-19T10:38:04.7307245Z | /user/register POST | user: anonymous | durationMs: 228
2026-03-19T10:38:04.9634769Z | /user/login POST | user: anonymous | durationMs: 26
2026-03-19T10:38:05.0542557Z | /hubs/notify/negotiate POST | user: 63 | durationMs: 0
2026-03-19T10:38:05.0518502Z | /user/63/icecreams GET | user: 63 | durationMs: 5
2026-03-19T10:38:12.0427225Z | /user/63/icecreams POST | user: 63 | durationMs: 9
2026-03-19T10:38:12.0571208Z | /user/63/icecreams GET | user: 63 | durationMs: 0
2026-03-19T10:42:15.8999513Z | /css/img/1.png GET | user: anonymous | durationMs: 4
2026-03-19T10:42:17.8449094Z | /css/img/1.png GET | user: anonymous | durationMs: 0
2026-03-19T10:42:22.7157307Z | /hubs/notify/negotiate POST | user: 59 | durationMs: 7
2026-03-19T10:42:22.7156153Z | /hubs/notify/negotiate POST | user: 59 | durationMs: 7
2026-03-19T10:42:22.7157628Z | /hubs/notify/negotiate POST | user: 62 | durationMs: 7
2026-03-19T10:42:22.7157449Z | /hubs/notify/negotiate POST | user: 59 | durationMs: 7
2026-03-19T10:42:22.7156560Z | /hubs/notify/negotiate POST | user: 63 | durationMs: 7
2026-03-19T10:42:22.7156903Z | /hubs/notify/negotiate POST | user: 59 | durationMs: 7
2026-03-19T10:42:33.0776952Z | /css/img/1.png GET | user: anonymous | durationMs: 0
2026-03-19T10:42:44.5001385Z | /user/login POST | user: anonymous | durationMs: 70
2026-03-19T10:42:44.6224020Z | /hubs/notify/negotiate POST | user: 59 | durationMs: 0
2026-03-19T10:42:44.6203081Z | /user GET | user: 59 | durationMs: 21
2026-03-19T10:42:53.6385542Z | /user/passwordused POST | user: anonymous | durationMs: 215
2026-03-19T10:42:53.7779451Z | /user/passwordused POST | user: anonymous | durationMs: 148
2026-03-19T10:42:53.8787830Z | /user/passwordused POST | user: anonymous | durationMs: 122
2026-03-19T10:42:53.9487534Z | /user/passwordused POST | user: anonymous | durationMs: 114
2026-03-19T10:42:54.0605557Z | /user/passwordused POST | user: anonymous | durationMs: 138
2026-03-19T10:42:54.2028176Z | /user/passwordused POST | user: anonymous | durationMs: 104
2026-03-19T10:43:08.6048103Z | /user/passwordused POST | user: anonymous | durationMs: 126
2026-03-19T10:43:08.8946190Z | /user/64 GET | user: 59 | durationMs: 4
2026-03-19T10:43:08.8946220Z | /user/64 GET | user: 63 | durationMs: 5
2026-03-19T10:43:08.9009508Z | /user/64 GET | user: 59 | durationMs: 1
2026-03-19T10:43:08.9044927Z | /user/64 GET | user: 59 | durationMs: 0
2026-03-19T10:43:08.9070788Z | /user/64 GET | user: 59 | durationMs: 0
2026-03-19T10:43:08.7348533Z | /user/register POST | user: anonymous | durationMs: 176
2026-03-19T10:43:08.9135508Z | /user/login POST | user: anonymous | durationMs: 11
2026-03-19T10:43:08.9802308Z | /hubs/notify/negotiate POST | user: 64 | durationMs: 0
2026-03-19T10:43:08.9775944Z | /user/64/icecreams GET | user: 64 | durationMs: 6
2026-03-19T10:43:16.0551905Z | /user/64/icecreams POST | user: 64 | durationMs: 10
2026-03-19T10:43:16.0706928Z | /user/64/icecreams GET | user: 64 | durationMs: 0
2026-03-19T10:43:20.8184207Z | /user/64/icecreams GET | user: 59 | durationMs: 0
2026-03-19T10:43:26.2145990Z | /user/64/icecreams POST | user: 64 | durationMs: 2
2026-03-19T10:43:26.2222364Z | /user/64/icecreams GET | user: 64 | durationMs: 0
2026-03-19T10:43:08.9885598Z | /hubs/notify CONNECT | user: 64 | durationMs: 115506
2026-03-19T10:45:04.5304985Z | /css/img/1.png GET | user: anonymous | durationMs: 0
2026-03-19T10:42:44.6442449Z | /hubs/notify CONNECT | user: 59 | durationMs: 141231
2026-03-19T10:45:05.9461135Z | /css/img/1.png GET | user: anonymous | durationMs: 0
2026-03-19T10:45:15.3125309Z | /user/login POST | user: anonymous | durationMs: 14
2026-03-19T10:45:15.4234450Z | /user GET | user: 59 | durationMs: 0
2026-03-19T10:45:15.4259696Z | /hubs/notify/negotiate POST | user: 59 | durationMs: 0
2026-03-19T10:45:28.2406582Z | /user/passwordused POST | user: anonymous | durationMs: 138
2026-03-19T10:45:28.6394336Z | /user/passwordused POST | user: anonymous | durationMs: 155
2026-03-19T10:45:28.6515813Z | /user/passwordused POST | user: anonymous | durationMs: 149
2026-03-19T10:45:33.5400422Z | /user/passwordused POST | user: anonymous | durationMs: 114
2026-03-19T10:45:33.6574616Z | /user/register POST | user: anonymous | durationMs: 160
2026-03-19T10:45:33.8220517Z | /user/65 GET | user: 59 | durationMs: 0
2026-03-19T10:45:33.8229776Z | /user/65 GET | user: 64 | durationMs: 0
2026-03-19T10:45:33.8242183Z | /user/65 GET | user: 59 | durationMs: 0
2026-03-19T10:45:33.8275780Z | /user/65 GET | user: 59 | durationMs: 0
2026-03-19T10:45:33.8295798Z | /user/65 GET | user: 59 | durationMs: 0
2026-03-19T10:45:33.8211546Z | /user/login POST | user: anonymous | durationMs: 14
2026-03-19T10:45:33.8799368Z | /user/65/icecreams GET | user: 65 | durationMs: 0
2026-03-19T10:45:33.8807686Z | /hubs/notify/negotiate POST | user: 65 | durationMs: 0
2026-03-19T10:42:22.7349640Z | /hubs/notify CONNECT | user: 59 | durationMs: 254270
2026-03-19T10:42:22.7361251Z | /hubs/notify CONNECT | user: 59 | durationMs: 254270
2026-03-19T10:42:22.7361392Z | /hubs/notify CONNECT | user: 59 | durationMs: 254270
2026-03-19T10:45:15.4370014Z | /hubs/notify CONNECT | user: 59 | durationMs: 81569
2026-03-19T10:42:22.7339451Z | /hubs/notify CONNECT | user: 63 | durationMs: 254273
2026-03-19T10:42:22.7349774Z | /hubs/notify CONNECT | user: 62 | durationMs: 254272
2026-03-19T10:42:22.7339426Z | /hubs/notify CONNECT | user: 59 | durationMs: 254273
2026-03-19T10:45:33.8861238Z | /hubs/notify CONNECT | user: 65 | durationMs: 63121
2026-03-19T12:10:28.0678223Z | /hubs/notify/negotiate POST | user: 59 | durationMs: 0
2026-03-19T12:10:28.0685327Z | /hubs/notify/negotiate POST | user: 63 | durationMs: 0
2026-03-19T12:10:28.0710061Z | /hubs/notify/negotiate POST | user: 59 | durationMs: 0
2026-03-19T12:10:28.0784508Z | /hubs/notify/negotiate POST | user: 59 | durationMs: 0
2026-03-19T12:10:28.2034108Z | /hubs/notify/negotiate POST | user: 62 | durationMs: 0
2026-03-19T12:10:28.2145495Z | /hubs/notify/negotiate POST | user: 65 | durationMs: 0
2026-03-19T12:10:28.2168430Z | /hubs/notify/negotiate POST | user: 59 | durationMs: 0
2026-03-19T12:10:28.2169018Z | /hubs/notify/negotiate POST | user: 59 | durationMs: 0
2026-03-19T12:15:45.4017734Z | /css/img/1.png GET | user: anonymous | durationMs: 2
2026-03-19T12:15:48.4932983Z | /css/img/1.png GET | user: anonymous | durationMs: 0
2026-03-19T12:15:51.7119232Z | /hubs/notify/negotiate POST | user: 59 | durationMs: 10
2026-03-19T12:15:51.7119518Z | /hubs/notify/negotiate POST | user: 65 | durationMs: 10
2026-03-19T12:15:51.7120062Z | /hubs/notify/negotiate POST | user: 59 | durationMs: 10
2026-03-19T12:15:51.7119267Z | /hubs/notify/negotiate POST | user: 59 | durationMs: 10
2026-03-19T12:15:51.7119366Z | /hubs/notify/negotiate POST | user: 59 | durationMs: 10
2026-03-19T12:15:51.7119289Z | /hubs/notify/negotiate POST | user: 63 | durationMs: 10
2026-03-19T12:15:51.7119716Z | /hubs/notify/negotiate POST | user: 59 | durationMs: 10
2026-03-19T12:15:51.7119920Z | /hubs/notify/negotiate POST | user: 62 | durationMs: 10
2026-03-19T12:15:57.2896413Z | /css/img/1.png GET | user: anonymous | durationMs: 0
2026-03-19T12:16:11.5547072Z | /user/login POST | user: anonymous | durationMs: 72
2026-03-19T12:16:11.7156930Z | /hubs/notify/negotiate POST | user: 59 | durationMs: 0
2026-03-19T12:16:11.7126732Z | /user GET | user: 59 | durationMs: 11
2026-03-19T12:16:22.7950020Z | /user/passwordused POST | user: anonymous | durationMs: 207
2026-03-19T12:16:22.8860714Z | /user/passwordused POST | user: anonymous | durationMs: 141
2026-03-19T12:16:23.0713682Z | /user/passwordused POST | user: anonymous | durationMs: 165
2026-03-19T12:16:23.1623313Z | /user/passwordused POST | user: anonymous | durationMs: 127
2026-03-19T12:16:23.3964314Z | /user/passwordused POST | user: anonymous | durationMs: 199
2026-03-19T12:16:30.4910558Z | /user/passwordused POST | user: anonymous | durationMs: 153
2026-03-19T12:16:30.8504499Z | /user/66 GET | user: 59 | durationMs: 6
2026-03-19T12:16:30.8530130Z | /user/66 GET | user: 65 | durationMs: 5
2026-03-19T12:16:30.8587833Z | /user/66 GET | user: 59 | durationMs: 0
2026-03-19T12:16:30.8615882Z | /user/66 GET | user: 59 | durationMs: 0
2026-03-19T12:16:30.8643869Z | /user/66 GET | user: 59 | durationMs: 0
2026-03-19T12:16:30.8670722Z | /user/66 GET | user: 59 | durationMs: 0
2026-03-19T12:16:30.6494229Z | /user/register POST | user: anonymous | durationMs: 227
2026-03-19T12:16:30.8807048Z | /user/login POST | user: anonymous | durationMs: 17
2026-03-19T12:16:30.9830328Z | /hubs/notify/negotiate POST | user: 66 | durationMs: 0
2026-03-19T12:16:30.9791939Z | /user/66/icecreams GET | user: 66 | durationMs: 7
2026-03-19T12:16:38.0610845Z | /user/66/icecreams POST | user: 66 | durationMs: 10
2026-03-19T12:16:38.0778791Z | /user/66/icecreams GET | user: 66 | durationMs: 0
2026-03-19T12:16:47.5030798Z | /user/66/icecreams GET | user: 66 | durationMs: 0
2026-03-19T12:16:52.0420496Z | /user/66/icecreams/1 PUT | user: 66 | durationMs: 4
2026-03-19T12:16:52.0574830Z | /user/66/icecreams GET | user: 66 | durationMs: 0
2026-03-19T12:16:57.6008674Z | /user/66/icecreams/1 DELETE | user: 66 | durationMs: 3
2026-03-19T12:16:57.6129740Z | /user/66/icecreams GET | user: 66 | durationMs: 0
2026-03-19T12:17:20.2846771Z | /css/img/1.png GET | user: anonymous | durationMs: 3
2026-03-19T12:17:25.6505459Z | /hubs/notify/negotiate POST | user: 63 | durationMs: 5
2026-03-19T12:17:25.6505202Z | /hubs/notify/negotiate POST | user: 59 | durationMs: 5
2026-03-19T12:17:25.6505388Z | /hubs/notify/negotiate POST | user: 59 | durationMs: 5
2026-03-19T12:17:25.6505572Z | /hubs/notify/negotiate POST | user: 59 | durationMs: 5
2026-03-19T12:17:26.3823156Z | /hubs/notify/negotiate POST | user: 66 | durationMs: 0
2026-03-19T12:17:26.3828543Z | /hubs/notify/negotiate POST | user: 59 | durationMs: 0
2026-03-19T12:17:26.3828543Z | /hubs/notify/negotiate POST | user: 59 | durationMs: 0
2026-03-19T12:17:26.3828792Z | /hubs/notify/negotiate POST | user: 65 | durationMs: 0
2026-03-19T12:17:26.3847729Z | /hubs/notify/negotiate POST | user: 59 | durationMs: 0
2026-03-19T12:17:26.3854213Z | /hubs/notify/negotiate POST | user: 62 | durationMs: 0
2026-03-19T12:17:25.6653899Z | /hubs/notify CONNECT | user: 59 | durationMs: 10424
2026-03-19T12:17:26.3908581Z | /hubs/notify CONNECT | user: 59 | durationMs: 10459
2026-03-19T12:17:26.3884980Z | /hubs/notify CONNECT | user: 59 | durationMs: 11112
2026-03-19T12:17:40.4325800Z | /css/img/1.png GET | user: anonymous | durationMs: 0
2026-03-19T12:17:54.2647680Z | /user/login POST | user: anonymous | durationMs: 76
2026-03-19T12:17:54.4043353Z | /hubs/notify/negotiate POST | user: 59 | durationMs: 0
2026-03-19T12:17:54.4018251Z | /user GET | user: 59 | durationMs: 26
2026-03-19T12:18:10.4537142Z | /user/passwordused POST | user: anonymous | durationMs: 185
2026-03-19T12:18:17.0543660Z | /user/passwordused POST | user: anonymous | durationMs: 132
2026-03-19T12:18:17.4007429Z | /user/67 GET | user: 59 | durationMs: 9
2026-03-19T12:18:17.4007476Z | /user/67 GET | user: 66 | durationMs: 11
2026-03-19T12:18:17.4137128Z | /user/67 GET | user: 59 | durationMs: 2
2026-03-19T12:18:17.4178849Z | /user/67 GET | user: 59 | durationMs: 0
2026-03-19T12:18:17.1891058Z | /user/register POST | user: anonymous | durationMs: 233
2026-03-19T12:18:17.4255041Z | /user/login POST | user: anonymous | durationMs: 10
2026-03-19T12:18:17.4960912Z | /hubs/notify/negotiate POST | user: 67 | durationMs: 0
2026-03-19T12:18:17.4937550Z | /user/67/icecreams GET | user: 67 | durationMs: 6
2026-03-19T12:18:23.1524136Z | /user/67/icecreams POST | user: 67 | durationMs: 11
2026-03-19T12:18:23.1672741Z | /user/67/icecreams GET | user: 67 | durationMs: 0
2026-03-19T12:18:26.3992559Z | /user/67/icecreams GET | user: 59 | durationMs: 0
2026-03-19T12:18:29.4138193Z | /user/67/icecreams/1 DELETE | user: 59 | durationMs: 3
2026-03-19T12:18:29.4300911Z | /user/67/icecreams GET | user: 59 | durationMs: 0
2026-03-19T12:18:29.5843285Z | /user/67/icecreams GET | user: 59 | durationMs: 0
2026-03-19T12:22:04.5754584Z | /css/img/1.png GET | user: anonymous | durationMs: 3
2026-03-19T12:22:07.6553427Z | /css/img/1.png GET | user: anonymous | durationMs: 0
2026-03-19T12:22:10.8193148Z | /hubs/notify/negotiate POST | user: 62 | durationMs: 17
2026-03-19T12:22:10.8194441Z | /hubs/notify/negotiate POST | user: 59 | durationMs: 17
2026-03-19T12:22:10.8195278Z | /hubs/notify/negotiate POST | user: 63 | durationMs: 17
2026-03-19T12:22:10.8194720Z | /hubs/notify/negotiate POST | user: 67 | durationMs: 17
2026-03-19T12:22:10.8194067Z | /hubs/notify/negotiate POST | user: 66 | durationMs: 17
2026-03-19T12:22:10.8195120Z | /hubs/notify/negotiate POST | user: 65 | durationMs: 17
2026-03-19T12:22:10.8191953Z | /hubs/notify/negotiate POST | user: 59 | durationMs: 17
2026-03-19T12:22:10.8193760Z | /hubs/notify/negotiate POST | user: 59 | durationMs: 17
2026-03-19T12:22:10.8192562Z | /hubs/notify/negotiate POST | user: 59 | durationMs: 17
2026-03-19T12:22:10.8679539Z | /hubs/notify CONNECT | user: 67 | durationMs: 4609
2026-03-19T12:22:10.8680087Z | /hubs/notify CONNECT | user: 66 | durationMs: 5193
2026-03-19T12:22:10.8723387Z | /hubs/notify CONNECT | user: 65 | durationMs: 5763
2026-03-19T12:22:10.8679553Z | /hubs/notify CONNECT | user: 63 | durationMs: 6272
2026-03-19T12:22:10.8758150Z | /hubs/notify CONNECT | user: 62 | durationMs: 6850
2026-03-19T12:22:10.8679535Z | /hubs/notify CONNECT | user: 59 | durationMs: 8041
2026-03-19T12:22:22.1006307Z | /css/img/1.png GET | user: anonymous | durationMs: 0
2026-03-19T12:22:35.7898749Z | /user/login POST | user: anonymous | durationMs: 73
2026-03-19T12:22:35.9455894Z | /hubs/notify/negotiate POST | user: 59 | durationMs: 0
2026-03-19T12:22:35.9441269Z | /user GET | user: 59 | durationMs: 12
2026-03-19T12:22:45.6822145Z | /user/passwordused POST | user: anonymous | durationMs: 221
2026-03-19T12:22:45.7560565Z | /user/passwordused POST | user: anonymous | durationMs: 183
2026-03-19T12:22:45.8285189Z | /user/passwordused POST | user: anonymous | durationMs: 180
2026-03-19T12:22:45.9000319Z | /user/passwordused POST | user: anonymous | durationMs: 160
2026-03-19T12:22:53.2811506Z | /user/passwordused POST | user: anonymous | durationMs: 157
2026-03-19T12:22:53.6477497Z | /user/68 GET | user: 59 | durationMs: 4
2026-03-19T12:22:53.6536740Z | /user/68 GET | user: 59 | durationMs: 1
2026-03-19T12:22:53.6567325Z | /user/68 GET | user: 59 | durationMs: 0
2026-03-19T12:22:53.6590051Z | /user/68 GET | user: 59 | durationMs: 0
2026-03-19T12:22:53.4407393Z | /user/register POST | user: anonymous | durationMs: 225
2026-03-19T12:22:53.6689657Z | /user/login POST | user: anonymous | durationMs: 11
2026-03-19T12:22:53.7328402Z | /hubs/notify/negotiate POST | user: 68 | durationMs: 0
2026-03-19T12:22:53.7304893Z | /user/68/icecreams GET | user: 68 | durationMs: 7
2026-03-19T12:22:58.8343346Z | /user/68/icecreams POST | user: 68 | durationMs: 10
2026-03-19T12:22:58.8490165Z | /user/68/icecreams GET | user: 68 | durationMs: 0
2026-03-19T12:22:58.9703806Z | /user/68/icecreams GET | user: 68 | durationMs: 0
2026-03-19T12:23:03.0043403Z | /user/68/icecreams GET | user: 59 | durationMs: 0
2026-03-19T12:23:05.1045727Z | /user/68/icecreams GET | user: 59 | durationMs: 0
2026-03-19T12:23:09.0042396Z | /user/68/icecreams/1 PUT | user: 59 | durationMs: 4
2026-03-19T12:23:09.0130833Z | /user/68/icecreams GET | user: 59 | durationMs: 0
2026-03-19T12:23:09.1737361Z | /user/68/icecreams GET | user: 59 | durationMs: 0
2026-03-19T12:23:11.7864673Z | /user/68/icecreams/1 DELETE | user: 59 | durationMs: 5
2026-03-19T12:23:11.7961747Z | /user/68/icecreams GET | user: 59 | durationMs: 0
2026-03-19T12:23:11.9569520Z | /user/68/icecreams GET | user: 59 | durationMs: 0
2026-03-19T12:22:53.7415519Z | /hubs/notify CONNECT | user: 68 | durationMs: 27203
2026-03-19T12:23:20.9789650Z | /user/68/icecreams GET | user: 68 | durationMs: 0
2026-03-19T12:23:20.9799906Z | /hubs/notify/negotiate POST | user: 68 | durationMs: 0
2026-03-19T12:23:26.0285264Z | /user/68/icecreams POST | user: 68 | durationMs: 1
2026-03-19T12:23:26.0400079Z | /user/68/icecreams GET | user: 68 | durationMs: 0
2026-03-19T12:23:26.1628207Z | /user/68/icecreams GET | user: 68 | durationMs: 0
2026-03-19T12:23:26.1889142Z | /user/68/icecreams GET | user: 59 | durationMs: 0
2026-03-19T12:23:20.9871687Z | /hubs/notify CONNECT | user: 68 | durationMs: 19085
2026-03-19T12:23:40.1115708Z | /user/68/icecreams GET | user: 68 | durationMs: 0
2026-03-19T12:23:40.1138214Z | /hubs/notify/negotiate POST | user: 68 | durationMs: 0
2026-03-19T12:22:35.9584052Z | /hubs/notify CONNECT | user: 59 | durationMs: 66620
2026-03-19T12:23:42.6418275Z | /hubs/notify/negotiate POST | user: 59 | durationMs: 0
2026-03-19T12:23:42.6404045Z | /user GET | user: 59 | durationMs: 6
2026-03-19T12:23:48.3476337Z | /user/68/icecreams GET | user: 59 | durationMs: 0
2026-03-19T12:23:52.6479975Z | /user/68/icecreams POST | user: 68 | durationMs: 2
2026-03-19T12:23:52.6617368Z | /user/68/icecreams GET | user: 68 | durationMs: 0
2026-03-19T12:23:52.7805006Z | /user/68/icecreams GET | user: 68 | durationMs: 0
2026-03-19T12:23:52.8108003Z | /user/68/icecreams GET | user: 59 | durationMs: 0
2026-03-19T12:23:58.0382745Z | /user/68/icecreams/1 DELETE | user: 59 | durationMs: 1
2026-03-19T12:23:58.0442570Z | /user/68/icecreams GET | user: 59 | durationMs: 0
2026-03-19T12:23:58.2098069Z | /user/68/icecreams GET | user: 59 | durationMs: 0
2026-03-19T12:23:40.1216193Z | /hubs/notify CONNECT | user: 68 | durationMs: 27795
2026-03-19T12:24:07.9565794Z | /hubs/notify/negotiate POST | user: 68 | durationMs: 0
2026-03-19T12:24:07.9569253Z | /user/68/icecreams GET | user: 68 | durationMs: 0
2026-03-19T12:24:12.4556121Z | /user/68/icecreams/2 DELETE | user: 59 | durationMs: 1
2026-03-19T12:24:12.4606341Z | /user/68/icecreams GET | user: 59 | durationMs: 0
2026-03-19T12:24:12.6109535Z | /user/68/icecreams GET | user: 59 | durationMs: 0
2026-03-19T12:28:13.4217000Z | /hubs/notify/negotiate POST | user: 59 | durationMs: 11
2026-03-19T12:28:17.5462690Z | /css/img/1.png GET | user: anonymous | durationMs: 0
2026-03-19T12:28:19.0599568Z | /css/img/1.png GET | user: anonymous | durationMs: 0
2026-03-19T12:28:22.3774988Z | /hubs/notify/negotiate POST | user: 59 | durationMs: 0
2026-03-19T12:28:22.3794813Z | /hubs/notify/negotiate POST | user: 59 | durationMs: 0
2026-03-19T12:28:22.3794723Z | /hubs/notify/negotiate POST | user: 59 | durationMs: 0
2026-03-19T12:28:22.3950042Z | /hubs/notify/negotiate POST | user: 68 | durationMs: 0
2026-03-19T12:28:22.4000520Z | /hubs/notify CONNECT | user: 68 | durationMs: 7486
2026-03-19T12:28:33.1008036Z | /css/img/1.png GET | user: anonymous | durationMs: 0
2026-03-19T12:28:37.3939447Z | /css/img/1.png GET | user: anonymous | durationMs: 0
2026-03-19T12:28:49.5535756Z | /user/login POST | user: anonymous | durationMs: 68
2026-03-19T12:28:49.7159012Z | /hubs/notify/negotiate POST | user: 59 | durationMs: 0
2026-03-19T12:28:49.7143710Z | /user GET | user: 59 | durationMs: 18
2026-03-19T12:29:38.4939199Z | /user/passwordused POST | user: anonymous | durationMs: 206
2026-03-19T12:29:38.7535365Z | /user/passwordused POST | user: anonymous | durationMs: 154
2026-03-19T12:29:53.5693728Z | /user/passwordused POST | user: anonymous | durationMs: 171
2026-03-19T12:29:53.9512916Z | /user/69 GET | user: 59 | durationMs: 4
2026-03-19T12:29:53.9504940Z | /user/69 GET | user: 59 | durationMs: 5
2026-03-19T12:29:53.9577603Z | /user/69 GET | user: 59 | durationMs: 1
2026-03-19T12:29:53.9608741Z | /user/69 GET | user: 59 | durationMs: 0
2026-03-19T12:29:53.9630828Z | /user/69 GET | user: 59 | durationMs: 0
2026-03-19T12:29:53.7433193Z | /user/register POST | user: anonymous | durationMs: 222
2026-03-19T12:29:53.9689955Z | /user/login POST | user: anonymous | durationMs: 11
2026-03-19T12:29:54.0442292Z | /hubs/notify/negotiate POST | user: 69 | durationMs: 0
2026-03-19T12:29:54.0415560Z | /user/69/icecreams GET | user: 69 | durationMs: 3
2026-03-19T12:30:11.4596522Z | /user/69/icecreams POST | user: 69 | durationMs: 11
2026-03-19T12:30:11.4753599Z | /user/69/icecreams GET | user: 69 | durationMs: 0
2026-03-19T12:30:11.6060658Z | /user/69/icecreams GET | user: 69 | durationMs: 0
2026-03-19T12:30:13.9011085Z | /user/69/icecreams GET | user: 59 | durationMs: 0
2026-03-19T12:30:16.2726958Z | /user/69/icecreams/1 DELETE | user: 59 | durationMs: 3
2026-03-19T12:30:16.2811199Z | /user/69/icecreams GET | user: 59 | durationMs: 0
2026-03-19T12:30:16.4326846Z | /user/69/icecreams GET | user: 69 | durationMs: 0
2026-03-19T12:30:16.4415653Z | /user/69/icecreams GET | user: 59 | durationMs: 0
2026-03-19T12:30:32.4714673Z | /user/69/icecreams POST | user: 69 | durationMs: 1
2026-03-19T12:30:32.4919280Z | /user/69/icecreams GET | user: 69 | durationMs: 0
2026-03-19T12:30:32.6122506Z | /user/69/icecreams GET | user: 69 | durationMs: 0
2026-03-19T12:30:32.6277151Z | /user/69/icecreams GET | user: 59 | durationMs: 0
2026-03-19T12:30:35.6661058Z | /user/69/icecreams GET | user: 59 | durationMs: 0
2026-03-19T12:30:39.9542545Z | /user/69/icecreams/1 PUT | user: 59 | durationMs: 5
2026-03-19T12:30:39.9839614Z | /user/69/icecreams GET | user: 59 | durationMs: 0
2026-03-19T12:30:40.1397197Z | /user/69/icecreams GET | user: 59 | durationMs: 0
2026-03-19T12:34:38.8062200Z | /css/img/1.png GET | user: anonymous | durationMs: 1
2026-03-19T12:34:43.5005551Z | /css/img/1.png GET | user: anonymous | durationMs: 0
2026-03-19T12:34:44.5110708Z | /hubs/notify/negotiate POST | user: 59 | durationMs: 3
2026-03-19T12:34:44.5110577Z | /hubs/notify/negotiate POST | user: 59 | durationMs: 3
2026-03-19T12:34:44.5110225Z | /hubs/notify/negotiate POST | user: 59 | durationMs: 3
2026-03-19T12:34:44.5110321Z | /hubs/notify/negotiate POST | user: 59 | durationMs: 3
2026-03-19T12:34:45.3840145Z | /hubs/notify/negotiate POST | user: 69 | durationMs: 0
2026-03-19T12:34:45.3840734Z | /hubs/notify/negotiate POST | user: 59 | durationMs: 0
2026-03-19T12:34:45.3885683Z | /hubs/notify CONNECT | user: 69 | durationMs: 2102
2026-03-19T12:34:44.5206014Z | /hubs/notify CONNECT | user: 59 | durationMs: 3518
2026-03-19T12:34:44.5208403Z | /hubs/notify CONNECT | user: 59 | durationMs: 4079
2026-03-19T12:34:52.5218295Z | /css/img/1.png GET | user: anonymous | durationMs: 0
2026-03-19T12:34:56.3535626Z | /css/img/1.png GET | user: anonymous | durationMs: 0
2026-03-19T12:35:07.8508623Z | /user/login POST | user: anonymous | durationMs: 65
2026-03-19T12:35:08.0052249Z | /hubs/notify/negotiate POST | user: 59 | durationMs: 0
2026-03-19T12:35:08.0033412Z | /user GET | user: 59 | durationMs: 15
2026-03-19T12:35:29.7703222Z | /user/passwordused POST | user: anonymous | durationMs: 188
2026-03-19T12:35:29.9897355Z | /user/passwordused POST | user: anonymous | durationMs: 212
2026-03-19T12:35:30.3534621Z | /user/passwordused POST | user: anonymous | durationMs: 185
2026-03-19T12:35:40.7304967Z | /user/passwordused POST | user: anonymous | durationMs: 174
2026-03-19T12:35:41.0858864Z | /user/70 GET | user: 59 | durationMs: 4
2026-03-19T12:35:41.0858864Z | /user/70 GET | user: 59 | durationMs: 4
2026-03-19T12:35:41.0928908Z | /user/70 GET | user: 59 | durationMs: 1
2026-03-19T12:35:41.0966315Z | /user/70 GET | user: 59 | durationMs: 0
2026-03-19T12:35:40.9079135Z | /user/register POST | user: anonymous | durationMs: 193
2026-03-19T12:35:41.1036674Z | /user/login POST | user: anonymous | durationMs: 9
2026-03-19T12:35:41.1713392Z | /hubs/notify/negotiate POST | user: 70 | durationMs: 0
2026-03-19T12:35:41.1694173Z | /user/70/icecreams GET | user: 70 | durationMs: 3
2026-03-19T12:35:48.9746762Z | /user/70/icecreams POST | user: 70 | durationMs: 9
2026-03-19T12:35:48.9923951Z | /user/70/icecreams GET | user: 70 | durationMs: 0
2026-03-19T12:35:49.1460331Z | /user/70/icecreams GET | user: 70 | durationMs: 0
2026-03-19T12:35:52.4791856Z | /user/70/icecreams POST | user: 70 | durationMs: 1
2026-03-19T12:35:52.4939667Z | /user/70/icecreams GET | user: 70 | durationMs: 0
2026-03-19T12:35:52.6436971Z | /user/70/icecreams GET | user: 70 | durationMs: 0
2026-03-19T12:35:54.3286670Z | /user/70/icecreams GET | user: 59 | durationMs: 0
2026-03-19T12:36:00.5765663Z | /user/70/icecreams/1 DELETE | user: 59 | durationMs: 3
2026-03-19T12:36:00.5862900Z | /user/70/icecreams GET | user: 59 | durationMs: 0
2026-03-19T12:36:00.7355705Z | /user/70/icecreams GET | user: 59 | durationMs: 0
2026-03-19T12:36:00.7440598Z | /user/70/icecreams GET | user: 70 | durationMs: 0
2026-03-19T12:36:00.7460582Z | /user/70/icecreams GET | user: 70 | durationMs: 0
2026-03-19T12:36:02.8886832Z | /user/70/icecreams GET | user: 59 | durationMs: 0
2026-03-19T12:36:06.6660763Z | /user/70/icecreams/2 PUT | user: 59 | durationMs: 4
2026-03-19T12:36:06.6764281Z | /user/70/icecreams GET | user: 59 | durationMs: 0
2026-03-19T12:36:06.8248791Z | /user/70/icecreams GET | user: 70 | durationMs: 0
2026-03-19T12:36:06.8258208Z | /user/70/icecreams GET | user: 59 | durationMs: 0
2026-03-19T12:36:08.6952027Z | /user/70/icecreams GET | user: 70 | durationMs: 0
2026-03-19T12:36:14.1845934Z | /user/70/icecreams/2 PUT | user: 70 | durationMs: 1
2026-03-19T12:36:14.2024889Z | /user/70/icecreams GET | user: 70 | durationMs: 0
2026-03-19T12:36:14.3497970Z | /user/70/icecreams GET | user: 59 | durationMs: 0
2026-03-19T12:36:14.3522157Z | /user/70/icecreams GET | user: 70 | durationMs: 0
2026-03-19T12:36:21.1903364Z | /user/70/icecreams POST | user: 59 | durationMs: 1
2026-03-19T12:36:21.1963793Z | /user/70/icecreams GET | user: 59 | durationMs: 0
2026-03-19T12:36:21.3580664Z | /user/70/icecreams GET | user: 70 | durationMs: 0
2026-03-19T12:36:21.3580711Z | /user/70/icecreams GET | user: 59 | durationMs: 0
2026-03-19T12:36:22.7950919Z | /user/70/icecreams/2 DELETE | user: 59 | durationMs: 1
2026-03-19T12:36:22.8099435Z | /user/70/icecreams GET | user: 59 | durationMs: 0
2026-03-19T12:36:22.9538725Z | /user/70/icecreams GET | user: 70 | durationMs: 0
2026-03-19T12:36:22.9553234Z | /user/70/icecreams GET | user: 70 | durationMs: 0
2026-03-19T12:36:22.9597693Z | /user/70/icecreams GET | user: 59 | durationMs: 0
2026-03-19T12:35:41.1782382Z | /hubs/notify CONNECT | user: 70 | durationMs: 47323
2026-03-19T12:36:28.5413363Z | /user/70/icecreams GET | user: 70 | durationMs: 0
2026-03-19T12:36:28.5427280Z | /hubs/notify/negotiate POST | user: 70 | durationMs: 0
2026-03-19T12:35:08.0200637Z | /hubs/notify CONNECT | user: 59 | durationMs: 83549
2026-03-19T12:36:31.6393940Z | /hubs/notify/negotiate POST | user: 59 | durationMs: 0
2026-03-19T12:36:31.6377687Z | /user GET | user: 59 | durationMs: 8
2026-03-19T12:36:36.6685970Z | /user/70/icecreams GET | user: 59 | durationMs: 0
2026-03-19T12:36:31.6614076Z | /hubs/notify CONNECT | user: 59 | durationMs: 9126
2026-03-19T12:36:40.9190551Z | /hubs/notify/negotiate POST | user: 59 | durationMs: 0
2026-03-19T12:36:40.9254662Z | /user/70 GET | user: 59 | durationMs: 0
2026-03-19T12:36:40.9254631Z | /user GET | user: 59 | durationMs: 2
2026-03-19T12:36:40.9283836Z | /user/70 GET | user: 59 | durationMs: 0
2026-03-19T12:36:44.3699346Z | /notificationHub/negotiate POST | user: 59 | durationMs: 0
2026-03-19T12:36:44.3689609Z | /user/70 DELETE | user: 59 | durationMs: 3
2026-03-19T12:36:44.3866694Z | /user GET | user: 59 | durationMs: 0
2026-03-19T12:36:49.1931655Z | /user/70/icecreams POST | user: 70 | durationMs: 13
2026-03-19T12:36:49.8065085Z | /user/70/icecreams POST | user: 70 | durationMs: 0
2026-03-19T12:36:49.9370560Z | /user/70/icecreams POST | user: 70 | durationMs: 0
2026-03-19T12:36:50.0975943Z | /user/70/icecreams POST | user: 70 | durationMs: 0
2026-03-19T12:36:50.3473975Z | /user/70/icecreams POST | user: 70 | durationMs: 0
2026-03-19T12:36:28.5489041Z | /hubs/notify CONNECT | user: 70 | durationMs: 215498
2026-03-19T12:34:44.5208283Z | /hubs/notify CONNECT | user: 59 | durationMs: 320170
2026-03-19T12:41:08.5259410Z | /css/img/1.png GET | user: anonymous | durationMs: 2
2026-03-19T12:41:09.8858579Z | /css/img/1.png GET | user: anonymous | durationMs: 0
2026-03-19T12:41:10.4854581Z | /hubs/notify/negotiate POST | user: 59 | durationMs: 3
2026-03-19T12:41:10.4854775Z | /hubs/notify/negotiate POST | user: 59 | durationMs: 3
2026-03-19T12:41:10.4854331Z | /hubs/notify/negotiate POST | user: 59 | durationMs: 3
2026-03-19T12:41:30.4438855Z | /css/img/1.png GET | user: anonymous | durationMs: 0
2026-03-19T12:41:33.5065315Z | /css/img/1.png GET | user: anonymous | durationMs: 0
2026-03-19T12:41:45.3882778Z | /user/login POST | user: anonymous | durationMs: 69
2026-03-19T12:41:45.5428378Z | /hubs/notify/negotiate POST | user: 59 | durationMs: 0
2026-03-19T12:41:45.5412673Z | /user GET | user: 59 | durationMs: 13
2026-03-19T12:41:54.9126433Z | /user/passwordused POST | user: anonymous | durationMs: 187
2026-03-19T12:42:00.1344158Z | /user/passwordused POST | user: anonymous | durationMs: 160
2026-03-19T12:42:00.4811601Z | /user/70 GET | user: 59 | durationMs: 4
2026-03-19T12:42:00.4872910Z | /user/70 GET | user: 59 | durationMs: 1
2026-03-19T12:42:00.4906194Z | /user/70 GET | user: 59 | durationMs: 0
2026-03-19T12:42:00.4926928Z | /user/70 GET | user: 59 | durationMs: 0
2026-03-19T12:42:00.2978783Z | /user/register POST | user: anonymous | durationMs: 198
2026-03-19T12:42:00.4986851Z | /user/login POST | user: anonymous | durationMs: 9
2026-03-19T12:42:00.5692266Z | /hubs/notify/negotiate POST | user: 70 | durationMs: 0
2026-03-19T12:42:00.5661673Z | /user/70/icecreams GET | user: 70 | durationMs: 5
2026-03-19T12:42:06.7724006Z | /user/70/icecreams POST | user: 70 | durationMs: 9
2026-03-19T12:42:06.7863316Z | /user/70/icecreams GET | user: 70 | durationMs: 0
2026-03-19T12:42:06.9340985Z | /user/70/icecreams GET | user: 70 | durationMs: 0
2026-03-19T12:42:09.7153089Z | /user/70/icecreams POST | user: 70 | durationMs: 4
2026-03-19T12:42:09.7252409Z | /user/70/icecreams GET | user: 70 | durationMs: 0
2026-03-19T12:42:09.8753686Z | /user/70/icecreams GET | user: 70 | durationMs: 0
2026-03-19T12:42:11.6956406Z | /user/70/icecreams GET | user: 59 | durationMs: 0
2026-03-19T12:42:13.7806549Z | /user/70/icecreams GET | user: 59 | durationMs: 0
2026-03-19T12:42:18.9705880Z | /user/70/icecreams GET | user: 59 | durationMs: 0
2026-03-19T12:42:22.5088271Z | /user/70/icecreams GET | user: 59 | durationMs: 0
2026-03-19T12:42:28.1412404Z | /user/70/icecreams/1 PUT | user: 59 | durationMs: 5
2026-03-19T12:42:28.1497935Z | /user/70/icecreams GET | user: 59 | durationMs: 0
2026-03-19T12:42:28.3116100Z | /user/70/icecreams GET | user: 70 | durationMs: 0
2026-03-19T12:42:28.3116100Z | /user/70/icecreams GET | user: 59 | durationMs: 0
2026-03-19T12:42:31.1159249Z | /user/70/icecreams/1 DELETE | user: 59 | durationMs: 3
2026-03-19T12:42:31.1315717Z | /user/70/icecreams GET | user: 59 | durationMs: 0
2026-03-19T12:42:31.2804490Z | /user/70/icecreams GET | user: 70 | durationMs: 0
2026-03-19T12:42:31.2821407Z | /user/70/icecreams GET | user: 59 | durationMs: 0
2026-03-19T12:42:31.2824862Z | /user/70/icecreams GET | user: 70 | durationMs: 0
2026-03-19T12:42:34.3834709Z | /user/70/icecreams GET | user: 70 | durationMs: 0
2026-03-19T12:42:37.8049252Z | /user/70/icecreams/2 PUT | user: 70 | durationMs: 1
2026-03-19T12:42:37.8112415Z | /user/70/icecreams GET | user: 70 | durationMs: 0
2026-03-19T12:42:37.9709930Z | /user/70/icecreams GET | user: 59 | durationMs: 0
2026-03-19T12:42:37.9709930Z | /user/70/icecreams GET | user: 70 | durationMs: 0
2026-03-19T12:42:39.3412239Z | /user/70/icecreams/2 DELETE | user: 70 | durationMs: 1
2026-03-19T12:42:39.3572728Z | /user/70/icecreams GET | user: 70 | durationMs: 0
2026-03-19T12:42:39.5060459Z | /user/70/icecreams GET | user: 59 | durationMs: 0
2026-03-19T12:42:39.5074928Z | /user/70/icecreams GET | user: 70 | durationMs: 0
2026-03-19T12:42:39.5090234Z | /user/70/icecreams GET | user: 70 | durationMs: 0
2026-03-19T12:41:45.5572859Z | /hubs/notify CONNECT | user: 59 | durationMs: 57033
2026-03-19T12:42:42.6324534Z | /user/70 GET | user: 59 | durationMs: 0
2026-03-19T12:42:42.6341862Z | /hubs/notify/negotiate POST | user: 59 | durationMs: 0
2026-03-19T12:42:42.6377818Z | /user/70 GET | user: 59 | durationMs: 0
2026-03-19T12:42:42.6384333Z | /user GET | user: 59 | durationMs: 7
2026-03-19T12:42:49.1056052Z | /notificationHub/negotiate POST | user: 59 | durationMs: 0
2026-03-19T12:42:49.1042484Z | /user/70 DELETE | user: 59 | durationMs: 7
2026-03-19T12:42:49.1216770Z | /user GET | user: 59 | durationMs: 0
2026-03-19T12:42:00.5748439Z | /hubs/notify CONNECT | user: 70 | durationMs: 49448
2026-03-19T12:42:50.0743679Z | /css/img/1.png GET | user: anonymous | durationMs: 0
